company,company_url,job,job_kind,job_mss,job_time,jog_location,location,name,out_put,people_num,push_time,salary,url,welfare,xueli
德龙智能投顾(北京)网络科技有限公司 ,http://company.zhaopin.com/CZ468066330.htm,软件工程师,全职,岗位职责1.负责设计和开发分布式网络爬虫系统，多线程网络爬虫应用，包括调度、抓取、入库等内容，进行多平台信息的抓取和分析工作；2.实现海量数据的抓取、抽取，去重、分类，垃圾过滤，质量识别、解析，整理入库等工作；3.参与爬虫核心算法和策略优化，熟悉采集系统的调度策略；4.实时监控爬虫的进度和警报反馈；5.会用NLP/MachineLearning等技术构建高可用数据模型者优先任职资格：1.精通Java（spring/mybatis）与Python语言，2年Python爬虫经验，有良好的数据结构和算法设计基础；对大数据基础架构和平台有深刻理解，对基于Hadoop的大数据体系有深入认识；2.熟悉HTML/JavaScript/CSS/xpath/url/Ajax/xml等web技知识，熟悉HttpClient/Jsoup/Scrapy/Pyspider/Selenium/PL等工具;3.熟悉垂直搜索爬虫、分布式网络爬虫，深入理解网络爬虫原理，有丰富的数据爬取、解析、清洗、存储相关项目经验，掌握反爬虫技术及其突破方案；4.熟悉操作系统（Linux）及网络协议（如TCP/IP、HTTP等），了解Shell编程；5.熟练使用maven、git等项目管理工具；6.熟悉高并发、高性能的分布式系统的设计及应用，熟悉常用数据存储、各种数据处理技术者优先；7.有Python数据分析、数据挖掘相关经验者优先；8.沟通能力好、责任心强，具有良好的团队合作精神和敬业精神；,5-10年,海淀区中关村南大街17号韦伯时代C座四层查看职位地图,北京,爬虫工程师,,2人 ,2018/4/13 17:42,15001-20000元/月?,http://jobs.zhaopin.com/CZ468066330J00034284315.htm,"创业公司,不加班,弹性工作,员工旅游,无试用期",本科
北京中拓互联科技有限公司 ,http://company.zhaopin.com/CC283149217.htm,软件研发工程师,全职,岗位说明:1、参与爬虫架构的设计与研究；2、参与数据的深度提取和挖掘工作；3、攻克大量的反爬机制，比如图形验证码识别、滑动验证码处理等；任职要求:1、本科及本科以上学历，计算机相关专业；2、具有3年以上Java或python相关开发经验，熟悉设计模式；3、数据结构和算法基础扎实；4、熟悉MySql、Oracle、Redis、MongoDB等数据库的开发与应用；5、熟悉Linux常用命令；6、熟悉搜索引擎原理，了解大数据相关技术，有爬虫或大型分布式系统相关工作经验；7、具有团队合作精神和责任心，有较强的学习能力和技术攻关能力、沟通能力以及分析与解决问题的能力。,3-5年,北京市海淀区上地五街群英科技园西侧5号楼5层501室,北京,爬虫工程师,,2人 ,2018/4/26 9:08,20000-25000元/月?,http://jobs.zhaopin.com/283149217250047.htm,"五险一金,加班补助,弹性工作,节日福利",本科
厦门一品威客网络科技股份有限公司 ,http://company.zhaopin.com/%E5%8E%A6%E9%97%A8%E4%B8%80%E5%93%81%E5%A8%81%E5%AE%A2%E7%BD%91%E7%BB%9C%E7%A7%91%E6%8A%80%E6%9C%89%E9%99%90%E5%85%AC%E5%8F%B8_CC383511923.htm,数据库开发工程师,全职,"岗位职责：1、编写大规模分布式网络爬虫（多线程、分布式调度、协议处理）；2、能用系统解决动态网页内容抓取、深度网页内容抓取的关键技术；3、采用机器学习，信息检索，大规模数据挖掘等工作。4、爬虫核心算法和策略优化,熟悉采集系统的调度策略，分析爬虫系统瓶颈设计实现相应策略和算法，提升爬虫的抓取效率和质量；任职要求：1、计算机等相关专业优先考虑，本科学历，两年及以上经验。2、精通Python/Java中编程语言中的至少一种；3、熟悉MySql、MongoDB一种或多种数据库开发技术，有较好的数据库设计能力；4、精通网页抓取原理及技术、深度抓取、动态网页技术抓取、浏览器模拟抓取技术，从结构化的和非结构化的数据中获取信息；5、精通爬虫和反爬技术，精通http底层协议；精通深度抓取、动态网页技术抓取、浏览器模拟抓取技术等；6、熟悉分布式系统、多线程;7、具有网络爬虫、网页信息抽取、数据挖掘、自然语言处理、信息检索、机器学习、web挖掘等搜索引擎等相关经验优先。8、有图形识别与处理项目经验优先；有非结构化文本提取项目经验优先。",1-3年,海淀区上地东路35号2#208,北京,爬虫工程师（上地）,,2人 ,0002-01-01 00:00:00,20000-25000元/月?,http://jobs.zhaopin.com/383511923250400.htm,"每年多次调薪,周末双休,五险一金,年底双薪,绩效奖金,全勤奖,带薪年假,员工旅游",本科
北京智慧星光信息技术有限公司 ,http://company.zhaopin.com/%E5%8C%97%E4%BA%AC%E6%99%BA%E6%85%A7%E6%98%9F%E5%85%89%E4%BF%A1%E6%81%AF%E6%8A%80%E6%9C%AF%E6%9C%89%E9%99%90%E5%85%AC%E5%8F%B8_CC467352913.htm,脚本开发工程师,全职,1、爬虫系统开发和优化；2、文档识别和提取；3、互联网数据采集。专业素质要求：1、熟悉Linux操作系统;2、掌握python语言，有scrapy或者其他爬虫开发经验；3、熟悉网页抓取原理及技术，熟悉基于Cookie的网站登录原理，熟悉基于正则表达式、Xpath、CSS等网页信息抽取技术；4、有全站爬虫开发经验优先。0jhh,不限,北京市海淀区北四环西路56号辉煌时代大厦11层、15层查看职位地图,北京,Python数据采集爬虫工程师,,1人 ,2018/4/24 11:02,6000-12000元/月?,http://jobs.zhaopin.com/467352913251869.htm,"节日福利,五险一金,全勤奖,交通补助,餐补,带薪年假,定期体检,员工旅游",不限
优购科技有限公司 ,http://company.zhaopin.com/%E4%BC%98%E8%B4%AD%E7%A7%91%E6%8A%80%E6%9C%89%E9%99%90%E5%85%AC%E5%8F%B8_CC420891816.htm,数据库开发工程师,全职,工作职责：-对接一家或多家企业，完成业务、系统及数据梳理，完成企业数据仓库建设-为投资及运营提供数据提取、可视化及分析支持职位要求：-计算机科学或相关专业毕业，2年以上工作经验-熟练使用python，完成数据获取、清洗、分析及可视化等工作-熟悉mysql及hive，能够书写较为复杂的SQL查询语句-具有较强的业务能力，沟通能力，分析和解决问题的能力，做事认真负责，具备良好的团队合作精神和服务意识-满足以下一个或多个条件者优先考虑：-有互联网爬虫项目经验-有tableau等bi可视化工具使用经验,3-5年,祁家豁子8号健翔大厦5层512室,北京,爬虫工程师,,1人 ,2018/4/25 12:04,10001-15000元/月?,http://jobs.zhaopin.com/420891816251643.htm,"五险一金,年底双薪,弹性工作,定期体检",本科
北京易天正诚信息技术有限公司 ,http://company.zhaopin.com/CC693734426.htm,高级软件工程师,全职,职位描述：1.一到三年.NET开发经验，参与系统的设计，能够根据架构师的设计思想独立完成设计文档编写；2.精通WebBrowser原理及js调用，做过复杂业务的表单提交和复杂数据抓取者优先；3.熟练使用网络抓包工具，如Fiddler、Wireshark等；4.精通html语言，熟练使用正则表达式，有从事网络爬虫、网页信息抽取的经验；5.精通asp.net、mvc，熟练使用WepApi、WebService等接口开发技术，有很强的分析问题和解决问题的能力；6.了解多线程、并发、TCP/IP协议、缓存等；7.掌握数据库开发技术，如：MYSQL等应用开发的经验；8.具备良好的系统设计规划能力，对于应用开发有较深刻的理解和设计理念；9.具备较强的学习、沟通交流、良好的文字表达能力、团队合作能力；10.具有清晰的逻辑思维，有钻研精神，具备良好的编程风格和素质，能够快速掌握新知识，有一定的抗压能力；11.大专或以上学历，计算机相关专业，优秀人才可以放宽此标准；,不限,北京市海淀区信息路甲28号科实大厦C座C201查看职位地图,北京,.NET网络爬虫工程师,,2人 ,2018/4/23 9:26,10000-17000元/月?,http://jobs.zhaopin.com/693734426250050.htm,"五险一金,年底双薪,绩效奖金,股票期权,加班补助,餐补,带薪年假,定期体检",本科
北京优易惠技术有限公司 ,http://company.zhaopin.com/CZ290497880.htm,软件研发工程师,全职,岗位职责：1.负责设计和开发分布式的网络爬虫；2.参与各种核心搜索策略、算法、数据聚类、重组的设计与开发；3.对互联网海量业务进行整合、分析挖掘；4.能够快速且有效的进行数据清洗语文本挖掘5.分析爬虫系统瓶颈，设计实现相应策略和算法，提升爬虫的抓取效率和质量6.包括不限于其他内部优化或创新项目的开发。任职要求：1.5年以上Java、python开发经验；2.3年及以上相关工作经验；3.至少精通JAVA、PHTHON其中一门高级语言；4.精通关系型数据库的开发和了解Mongodb、HBase、HIVE等NoSQL数据库；5.熟悉大规模网页爬取，深度网页爬取，熟悉Nutch、Scrapy、Lucene、Heritrix、Solr、Sphinx等工具；6.为人踏实，愿意挑战困难，具备一定抗压能力；7.较强的逻辑思维能力，良好的沟通、表达能力，良好的学习能力。,5-10年,北京市丰台区丰台北路恒泰中心D座10层查看职位地图,北京,爬虫研发工程师,,1人 ,2018/4/26 9:21,10000-20000元/月?,http://jobs.zhaopin.com/290497889250026.htm,"五险一金,交通补助,餐补,通讯补贴,带薪年假,定期体检,员工旅游,节日福利",本科
中国搜索信息科技股份有限公司 ,http://company.zhaopin.com/CC629509023.htm,其他,全职,职位职责：（主要工作内容的说明，请分条目填写）-负责搜索爬虫spider的核心技术研究和开发-研究各种网站、网页、链接的形态，发现它们的特点和规律-设计各种策略和算法，提升spider的抓取效果-分析spider的技术缺陷，对spider做出合理地调整或改进-负责spider系统的升级和维护任职要求：（应包括工作经验、职业技能、所学专业、最高学历、外语语种、优先考虑条件等内容。）-热爱互联网，对搜索技术、探索未知领域有浓厚的兴趣-优秀的分析问题和解决问题的能力，对解决具有挑战性问题充满激情-精通C/C++语言编程，熟悉linux平台、shell编程-对数据结构和算法设计有较为深刻的理解-具有良好的沟通能力，和良好的团队合作精神-搜索相关领域如网页抓取、解析/信息挖掘/统计分析工作经验、多语言研发经验优先,3-5年,北京市东城区永定门西滨河路8号（陶然亭桥东南角）中海地产广场东塔12、15、16、17层,北京,搜索爬虫研发工程师,,5人 ,2018/4/18 8:57,15001-20000元/月?,http://jobs.zhaopin.com/629509023250486.htm,"五险一金,加班补助,全勤奖,交通补助,餐补,带薪年假,补充医疗保险,节日福利",本科
北京易联戴维企业管理服务有限责任公司 ,http://company.zhaopin.com/P2/CC2847/0201/CC284702016.htm,嵌入式软件开发,全职,岗位职责：1、设计和开发分布式网络爬虫系统，并进行多平台信息抓取和分析工作；2、负责网页信息抽取、数据清洗等研发和优化工作；3、负责抓取数据的深度提取和挖掘。任职要求：1、精通Python编程语言；2、精通网页抓取原理及技术，精通正则表达式，从结构化的和非结构化的数据中获取信息；3、熟悉Mysql，有过数据库调优和海量数据存储经验优先；4、具有大型web登录分析和搜索相关技术研发经验者优先；5、具有数据挖掘、自然语言处理、信息检索、机器学习背景者优先。,1-3年,北京市朝阳区,北京,Python爬虫工程师,,10人 ,2018/4/18 12:34,10001-15000元/月?,http://jobs.zhaopin.com/284702016250407.htm,,本科
普天信息技术有限公司 ,http://company.zhaopin.com/P9/CC0006/4518/CC000645187.htm,WEB前端开发,全职,岗位职责：1、负责数据采集，页面抓取等工作的设计和研发；2、负责系统爬虫模块的开发进度，保证代码质量；3、熟悉Nutch，Heritrix，WebCollector，Jsoup等开源爬虫框架，定制实现批量采集，增量采集，分布式采集程序；4、配合产品经理一起研讨技术实现方案。任职要求：1、要求统招本科（含）以上学历，计算、软件等相关专业；2、具有2年以上爬虫抓取，网页信息抽取实际项目的工作经验，具有爬虫架构设计，数据库设计经验；3、实现网页采集和分析方案的设计，能够对Html，Javascript进行解析；4、熟悉Html，Dom，JavsScript，XML和XPath等技术；5、数据Java语言，熟悉多线程编程，熟悉Linux常用操作。,3-5年,北京市海淀区海淀北二街6号查看职位地图,北京,web爬虫和分析工程师,,1人 ,2018/4/25 9:25,8000-15000元/月?,http://jobs.zhaopin.com/000645187252043.htm,"五险一金,绩效奖金,交通补助,餐补,采暖补贴,带薪年假,补充医疗保险,定期体检",本科
链家网(北京)科技有限公司 ,http://company.zhaopin.com/CC300255137.htm,软件工程师,全职,岗位职责:链家网爬虫平台架构的设计和优化反爬虫策略研究、代理IP建设海量爬虫数据处理与挖掘计算机相关专业本科以上学历，2年以上相关工作经验；熟悉Linux，Java基础扎实；熟悉多线程、网络通信编程相关知识研究过HTTP/TCP相关协议精通分布式、缓存、消息等机制，例如：redis、memcached、ActiveMQ、kafka、mongodb；有scrapy、webmagic等研发经验优先熟悉分布式系统的设计和应用者优先,1-3年,北京市海淀区上地五街福道大厦链家网,北京,后端开发工程师-爬虫(001524)(职位编号：lianjiawang001524),,1人 ,0002-01-01 00:00:00,20000-40000元/月?,http://jobs.zhaopin.com/300255137250721.htm,"弹性工作,带薪年假,绩效奖金,免费班车,年底双薪",本科
北京智慧星光信息技术有限公司 ,http://company.zhaopin.com/%E5%8C%97%E4%BA%AC%E6%99%BA%E6%85%A7%E6%98%9F%E5%85%89%E4%BF%A1%E6%81%AF%E6%8A%80%E6%9C%AF%E6%9C%89%E9%99%90%E5%85%AC%E5%8F%B8_CC467352913.htm,脚本开发工程师,全职,工作内容：1、参与开发和优化分布式爬虫系统；2、参与攻克反爬虫策略；3、参与数据抽取算法研发；4、参与通用性爬虫研发。任职资格：1、学历不限，拥有良好沟通能力、拥有较强学习能力、能够快速进步者优先；2、精通python爬虫开发（其他编程语言也可以，但要求快速上手python语言）、熟悉常见反爬虫技术及解决办法；3、拥有大型网站采集经验者优先、精通js者优先；4、拥有分布式系统架构使用或研发经验、熟悉docker者优先；5、具有搜索相关技术研发经验者优先；6、熟悉机器学习相关算法，做过图片识别、语音识别、参加过相关比赛者优先。,不限,北京市海淀区北四环西路56号辉煌时代大厦11层、15层查看职位地图,北京,资深爬虫开发工程师,,1人 ,2018/4/24 11:04,15000-30000元/月?,http://jobs.zhaopin.com/467352913251871.htm,"节日福利,五险一金,全勤奖,交通补助,餐补,带薪年假,定期体检,员工旅游",不限
阳光保险集团股份有限公司,http://special.zhaopin.com/bj/2013/ygbx080974/,IT技术/研发经理/主管,全职,职位描述：1、负责网络爬虫的核心技术研究和开发，参与各种核心搜索策略、算法、数据聚类、重组的设计与开发；2、与数据分析师的协作，搜集数据采集需求，定向数据的采集与爬取、解析处理、入库等数据日常工作；3、精通网页抓取原理及技术，精通正则表达式，从结构化的和非结构化的数据中获取信息；4、设计和开发分布式网络爬虫系统，并进行多平台信息抓取和分析工作；1、负责爬虫数据与业务系统的整合对接岗位要求：1、计算机相关专业本科及以上学历，熟悉多线程、多进程、网络通信编程相关知识；2、三年以上大规模网页爬虫开发经验熟悉JS，ajax，网页消重；3、能够总结分析不同网站，网页的结构特点及规律；有分布式、垂直领域爬虫开发经验优先；4、熟悉CC、Java、Python语言编程，对数据结构和算法设计有较为深刻的理解；熟悉正则表达式，用于从各种网络结构化和非结构化数据中抽取有用的信息；5、良好的逻辑思维能力，能够从海量数据中发现有价值的规律；优秀的分析问题和解决问题的能力，对解决具有挑战性问题充满激情；6、良好的团队合作精神，较强的沟通能力。,3-5年,北京市通州区商通大道1号院阳光金融城查看职位地图,北京,产险总公司-梦想客户事业部-爬虫开发工程师,,2人 ,0002-01-01 00:00:00,面议?,http://jobs.zhaopin.com/120868778271594.htm,"节日福利,周末双休,五险一金,绩效奖金,交通补助,餐补,带薪年假,补充医疗保险",本科
厦门神州鹰软件科技有限公司 ,http://company.zhaopin.com/%E5%8E%A6%E9%97%A8%E7%A5%9E%E5%B7%9E%E9%B9%B0%E8%BD%AF%E4%BB%B6%E7%A7%91%E6%8A%80%E6%9C%89%E9%99%90%E5%85%AC%E5%8F%B8_CC424426916.htm,其他,全职,岗位职责：1.负责设计和开发分布式网络爬虫系统，进行多平台信息的抓取和分析；2.负责网页信息抽取、数据清洗等研发和优化工作；岗位要求：1.3年以上JAVA开发经验；2.熟悉网页抓取原理及技术，了解基于Cookie的登录原理，熟悉基于正则表达式、XPath、CSS等网页信息抽取技术；3.熟悉http通讯协议，包括协议认证，以及状态代码含义等；4.熟悉多线程、多进程、网络通信编程相关知识；5.有web2.0动态爬虫项目经验者优先；6.有反爬，分布式爬虫架构经验者优先；,3-5年,北京市海淀区苏州街维亚大厦1207,北京,爬虫工程师,,1人 ,2018/4/11 9:02,15000-30000元/月?,http://jobs.zhaopin.com/424426916250736.htm,"五险一金,绩效奖金,带薪年假,弹性工作,节日福利",本科
银谷普惠信息咨询(北京)有限公司 ,http://company.zhaopin.com/CC602987121.htm,Java开发工程师,全职,工作职责：1.保质保量完成研发经理交付的开发任务；2.协助处理项目开发中出现的技术难题。任职要求：1、3年及以上相关工作经验2、熟练掌握J2EE体系架构，具有EJB、JSP、Servlet等开发经验；3、精通Tomcat、Apache、Nginx等多种开源服务器，熟练掌握至少1种应用服务器，如WebLogic、Tomcat、WebSphere等；4、熟练掌握SpringMVC框架，如Mybatis、SpringMvc等；5、熟练使用分布式PRC框架dubbo；6、了解并掌握JVM内存管理、类加载机制等，掌握Java系统的故障排查和性能调优；7、熟练掌握Oracle、MySQL等主流数据库，熟悉数据库建模，具备熟练的SQL功底，并有丰富的数据库设计经验，了解并使用如redis、memCache、MongoDB等NOSQL的数据存储产品，；8、有微服务设计思想，熟练使用SpringBoot相关开发框架9、具有系统需求分析和设计能力，能快速理解业务需求并进行相关逻辑设计，熟悉UML建模，并熟练使用相关建模工具，并具有规范的开发、设计文档写作能力；优先条件：1、具有互联网金融从业经验者经验者优先;2、熟悉P2P产品业务流程者优先；3、具有支付、划扣等金融相关项目经验者优先;,3-5年,北京市朝阳区东大桥尚都国际A座619,北京,JAVA爬虫开发工程师,,5人 ,2018/4/23 17:54,15000-25000元/月?,http://jobs.zhaopin.com/602987121255167.htm,"节日福利,五险一金,年底双薪,绩效奖金,全勤奖,交通补助,餐补,带薪年假",本科
链家网(北京)科技有限公司 ,http://company.zhaopin.com/CC300255137.htm,软件研发工程师,全职,"岗位职责：?1、链家网爬虫平台架构的设计和优化?2、反爬虫策略研究、代理IP建设?3、海量爬虫数据处理与挖掘任职要求：?1、计算机相关专业本科以上学历，2年以上相关工作经验；?2、熟悉Linux，Java基础扎实；熟悉多线程、网络通信编程相关知识?3、研究过HTTP/TCP相关协议?4、熟悉常见开源工具使用，比如activemq,kafka,mongo,zookeeper等?5、熟悉分布式系统的设计和应用者优先",不限,北京市海淀区上地5街福道大厦链家网,北京,数据策略部-Java研发工程师-爬虫/反爬,,999人 ,0002-01-01 00:00:00,20001-30000元/月?,http://jobs.zhaopin.com/300255137250842.htm,"包吃,餐补,免费班车",本科
爱点击互动(北京)广告有限公司 ,http://company.zhaopin.com/%E7%88%B1%E7%82%B9%E5%87%BB%E4%BA%92%E5%8A%A8%28%E5%8C%97%E4%BA%AC%29%E5%B9%BF%E5%91%8A%E6%9C%89%E9%99%90%E5%85%AC%E5%8F%B8_CC248546723.htm,软件研发工程师,全职,工作职责：1.分布式爬虫系统和数据采集的设计、开发，构建和完善统一的抓取服务平台；2.设计爬虫策略与算法，提升网页抓取的效率和质量；3.参与相关数据产品建设与研发；任职资格：1.3年以上开发经验，有较丰富的爬虫系统开发经验；2.本科及以上学历，计算机相关专业；3.精通/java/c++/python其中一种语言，熟悉linux平台;4.能够解决封账号、封IP采集等问题，具备一定的反屏蔽能力；5.了解大数据生态体系，有数据分析、挖掘等相关领域开发经验者优先。,3-5年,北京市朝阳区朝阳北路8号院三里屯SOHO,北京,爬虫工程师,,1人 ,2018/4/13 15:49,15000-30000元/月?,http://jobs.zhaopin.com/248546723251097.htm,"节日福利,周末双休,五险一金,绩效奖金,采暖补贴,带薪年假,弹性工作,定期体检",本科
阿博茨德(北京)科技有限公司 ,http://company.zhaopin.com/CC443746738.htm,软件工程师,全职,岗位职责：1、参与各产品的数据抓取需求；2、参与开发公司的爬虫系统；3、协助解析软件协议；任职要求：1、计算机相关专业；2、能够灵活解决问题，有责任感；3、熟悉正则表达式，http协议；4、熟悉python/java编程语言；优先条件：1、有爬虫相关经验；2、熟悉开源的爬虫系统，如scrapy，pyspider等；3、有解析软件协议经验，或做过反编译apk优先；,不限,北京市海淀区768创意园A座5号门二层查看职位地图,北京,爬虫工程师,,2人 ,2017/11/6 8:10,10000-20000元/月?,http://jobs.zhaopin.com/443746738250043.htm,"绩效奖金,餐补,带薪年假,弹性工作,定期体检,节日福利",本科
嘉兴邦芒服务外包有限公司 ,http://company.zhaopin.com/CC291659831.htm,高级软件工程师,全职,1、熟悉Python/C++/Java三种编程语言中的至少一种，熟悉爬虫方向开发和应用；2、熟悉网络编程、熟悉多线程机制、有过SocketHTTP网络编程项目经验，具有爬虫系统框架设计能力，以及爬虫项目规划能力；3、熟悉HTML，熟练正则、XPath等Web信息提取技术；4、熟悉常见的加解密算法及其原理，具有大型web登录分析和搜索相关技术研发经验者优先；5、熟悉多线程编程，有高并发分布式服务器开发经验优先；6、熟悉Mysql，redis，mongdb三者至少之一，有过数据库调优和海量数据存储经验优先；7、具有数据挖掘、自然语言处理、信息检索、机器学习背景者优先。8、具备良好的沟通能力、对数据的渴望、敏锐的判断、坚韧不拔、团队精神。,1-3年,北京昌平区北七家镇上承路派尔特国际中心西南侧三楼查看职位地图,北京,爬虫工程师,,1人 ,2018/4/23 16:15,10000-20000元/月?,http://jobs.zhaopin.com/CC291659831J00066917108.htm,"周末双休,五险一金,交通补助,餐补,带薪年假,节日福利,员工旅游",大专
D&S Media Group 迪思传媒集团,http://special.zhaopin.com/pagepublish/13349882/index.html,其他,全职,岗位职责：1.负责对指定的微信公众号内容进行数据抓取；2.负责网页信息的抽取、数据清洗等研发和优化的工作；3.参与爬虫核心算法的策略优化研究，提升网页抓取的效率和质量。任职要求：1.具有分布式爬虫的开发以及维护工作经验，开发更具实时性以及准确性的高性能爬虫；2.有APP数据采集、垂直网站数据采集经验者优先；3.良好的学习、沟通能力，乐于承担工作压力，有较强的分析和解决问题的能力。,不限,北京市朝阳区高井文化产业园8号东亿国际传媒产业园C7号楼查看职位地图,北京,数据爬虫工程师,,1人 ,2018/4/17 11:25,15001-20000元/月?,http://jobs.zhaopin.com/133498821251307.htm,"五险一金,年底双薪,加班补助,通讯补贴,带薪年假,补充医疗保险,定期体检,节日福利",不限
北京智慧星光信息技术有限公司 ,http://company.zhaopin.com/%E5%8C%97%E4%BA%AC%E6%99%BA%E6%85%A7%E6%98%9F%E5%85%89%E4%BF%A1%E6%81%AF%E6%8A%80%E6%9C%AF%E6%9C%89%E9%99%90%E5%85%AC%E5%8F%B8_CC467352913.htm,高级软件工程师,全职,岗位职责：公开数据微博微信工商企业爬虫并发1、参与开发和优化分布式爬虫系统；2、参与攻克反爬虫策略；3、参与数据抽取算法研发；4、参与通用性爬虫研发。任职要求：1、学历不限，拥有良好沟通能力、拥有较强学习能力、能够快速进步者优先；2、精通python爬虫开发（其他编程语言也可以，但要求快速上手python语言）、熟悉常见反爬虫技术及解决办法；3、拥有大型网站采集经验者优先、精通js者优先；4、拥有分布式系统架构使用或研发经验、熟悉docker者优先；5、具有搜索相关技术研发经验者优先；6、熟悉机器学习相关算法，做过图片识别、语音识别、参加过相关比赛者优先。,5-10年,北京市海淀区北四环西路56号辉煌时代大厦11层、15层,北京,资深爬虫工程师,,1人 ,2018/4/4 8:41,20000-25000元/月?,http://jobs.zhaopin.com/467352913251841.htm,,本科
北京智慧星光信息技术有限公司 ,http://company.zhaopin.com/%E5%8C%97%E4%BA%AC%E6%99%BA%E6%85%A7%E6%98%9F%E5%85%89%E4%BF%A1%E6%81%AF%E6%8A%80%E6%9C%AF%E6%9C%89%E9%99%90%E5%85%AC%E5%8F%B8_CC467352913.htm,高级软件工程师,全职,岗位职责：1、爬虫系统开发和优化；2、文档识别和提取；3、互联网数据采集。任职要求：1、熟悉Linux操作系统；2、掌握python语言，有scrapy或者其他爬虫开发经验；3、熟悉网页抓取原理及技术，熟悉基于Cookie的网站登录原理，熟悉基于正则表达式、Xpath、CSS等网页信息抽取技术；4、有全站爬虫开发经验优先。,3-5年,北京市海淀区辉煌时代大厦,北京,高级爬虫工程师,,2人 ,2018/4/23 9:46,15000-25000元/月?,http://jobs.zhaopin.com/467352913251114.htm,"五险一金,加班补助,全勤奖,交通补助,带薪年假,节日福利",本科
北京开卷信息技术有限公司,http://special.zhaopin.com/pagepublish/13048571/index.html,高级软件工程师,全职,岗位职责：1、爬虫系统的设计及开发，负责指定网站的数据爬取，并按规定入库。2、对数据进行采集、清洗和去重等。3、有分布式爬虫架构开发经验。4、领导安排的其他工作。任职要求：1、懂网络爬虫原理，有网络爬虫项目开发经验，最好有分布式爬虫相关经验；2、开发语言是C#，熟练掌握网络相关协议；3、工作认真、细致、负责，具备良好的表达和沟通能力，具备良好的团队合作精神和工作热情。4、4年以上相关工作经验。,3-5年,北京市东城区安定门外东后巷28号商务部研究院4号楼西配楼,北京,高级爬虫工程师,,1人 ,2018/4/25 17:12,15001-20000元/月?,http://jobs.zhaopin.com/130485714250944.htm,"五险一金,年底双薪,交通补助,餐补,带薪年假,弹性工作,定期体检,节日福利",大专
玖富金科控股集团有限责任公司,http://special.zhaopin.com/pagepublish/17841871/index.html,高级软件工程师,全职,职责描述：1.负责设计和开发分布式网络爬虫系统，进行多平台信息的抓取和分析；2.负责网页信息抽取、数据清洗等研发和优化工作；3.负责抓取数据的深度提取和挖掘。任职要求：1.有扎实的java开发基础，或者实践经验，对网络爬虫感兴趣；2.熟悉SSH等主流开源框架；3.熟悉MySQL或同类关系型数据库；4.熟悉httpclient、jsoup、webdriver、htmlunit、Nutch、selenium等技术；5.有MongoDB等非关系型数据库相关经验的优先考虑；6.有Solr或其他Lucence相关经验的优先考虑；7.精通Javascript相关开发的优先考虑。,5-10年,北京市朝阳区阜通东大街1号院望京soho塔三3层,北京,资深爬虫工程师,,1人 ,0002-01-01 00:00:00,20001-30000元/月?,http://jobs.zhaopin.com/178418716255952.htm,"节日福利,五险一金,年底双薪,加班补助,弹性工作,补充医疗保险,定期体检,免费班车",本科
大唐网络有限公司 ,http://company.zhaopin.com/P2/CC3744/3581/CC374435819.htm,数据库开发工程师,全职,工作内容：1、参与开发和优化分布式爬虫系统；2、参与攻克反爬虫策略；3、参与数据抽取算法研发；4、参与通用性爬虫研发。任职资格：1、学历不限，拥有良好沟通能力、拥有较强学习能力、能够快速进步者优先；2、精通python爬虫开发（其他编程语言也可以，但要求快速上手python语言）、熟悉常见反爬虫技术及解决办法；3、拥有大型网站采集经验者优先、精通js者优先；4、拥有分布式系统架构使用或研发经验、熟悉docker者优先；5、具有搜索相关技术研发经验者优先；6、熟悉机器学习相关算法，做过图片识别、语音识别、参加过相关比赛者优先。,不限,北京市海淀区北太平路城建大厦c座3层,北京,高级爬虫工程师,,1人 ,2018/4/25 15:05,20001-30000元/月?,http://jobs.zhaopin.com/374435819251142.htm,"五险一金,年底双薪,交通补助,餐补,带薪年假,补充医疗保险,节日福利,不加班",不限
北京华友联创科技发展有限公司 ,http://company.zhaopin.com/CC623498325.htm,IT技术/研发经理/主管,全职,岗位职责1.负责爬虫产品规划、设计2.负责编写多平台爬虫代码，并做好接口文档整理3.爬虫相关维护工作任职要求1.2年以上爬虫相关工作经验2.熟悉mysql、oracle、mongodb、redis等数据库，熟练运用SQL3.精通java或python语言4.熟悉SeleniumWebDriver，有分布式爬虫开发经验、应对复杂登录环境经验者优先5.熟练使用正则表达式、csspath、xpath等，能够从结构化的和非结构化的数据中获取信息6.良好的数据敏感度，能从数据中提炼核心结果，有一定数据清洗、分析和建模的经验7.熟悉多线程8.熟悉webmagic，Nutch，Heritrix，WebCollector，Jsoup等一种或多种开源爬虫框架9.熟悉linux常用操作10.爬取过京东、淘宝数据的优先考虑,1-3年,北京市海淀区大钟寺13号院1号楼华杰大厦4C5查看职位地图,北京,爬虫工程师,,2人 ,2018/4/23 14:31,10001-15000元/月?,http://jobs.zhaopin.com/623498325250600.htm,"节日福利,五险一金,加班补助,餐补,带薪年假,补充医疗保险,定期体检,员工旅游",大专
网智天元科技集团股份有限公司 ,http://company.zhaopin.com/%E5%8C%97%E4%BA%AC%E7%BD%91%E6%99%BA%E5%A4%A9%E5%85%83%E7%A7%91%E6%8A%80%E6%9C%89%E9%99%90%E5%85%AC%E5%8F%B8_CC267406113.htm,高级软件工程师,全职,"岗位职责：1、负责分布式爬虫系统的核心技术研究、架构设计、系统规划；2、负责爬虫核心算法的策略优化，提升网页抓取的效率和质量；3、负责研究各种网站、论坛、社交媒体实现多种媒体资源抓取实现；4、反爬策略的设计及优化；5、负责业务需求分析、系统设计、开发计划的制定与跟进；6、负责爬虫系统研发过程跟进、代码Review、质量控制；7、负责研发团队的管理及沟通协调。任职要求：1、本科或以上学历，5年以上开发经验，3年以上爬虫研发管理经验；2、具有分布式爬虫系统框架设计能力，以及爬虫项目规划能力；3、熟悉网络编程、熟悉多线程机制、有过SocketHTTP网络编程项目经验；4、模拟浏览器操作爬虫，了解网页抓取原理及技术，精通正则表达式，具备网络爬虫项目经验；5、具有分布式爬虫的开发以及维护工作经验，开发更具实时性以及准确性的高性能爬虫；6、具有互联网应用行业经验，具备快速学习新理念及技术,有务实的工作态度与扎实的软件开发理论基础；7.精通开发语言Python、Java、C任意一种或多种。",3-5年,北京市西城区车公庄大街4号新华1949文化创意园33栋一层查看职位地图,北京,高级爬虫工程师（java/python/c）,,1人 ,2018/4/23 17:14,15000-30000元/月?,http://jobs.zhaopin.com/267406113250408.htm,"五险一金,年底双薪,交通补助,餐补,带薪年假,定期体检,员工旅游,节日福利",本科
元素征信有限责任公司 ,http://company.zhaopin.com/CC406602384.htm,软件工程师,全职,"岗位职责：1、负责爬取指定网站内容的研发工作；2、设计抓取策略与规则，实现抓取任务调度、数据抓取、性能优化算法设计等内容。任职要求：1.实际爬虫开发、内容提取工作经验；2.精通网页抓取原理及技术，精通正则表达式，从结构化的和非结构化的数据中获取信息；3.能独立解决实际开发过程碰到的各类问题；4.精通python编程语言,熟练掌握selenium\scrapy\PIL\request等；5.有过海量数据爬取经验者优先。",1-3年,海淀区北坞创新园5号楼查看职位地图,北京,爬虫工程师,,1人 ,2018/3/30 14:08,10001-15000元/月?,http://jobs.zhaopin.com/CC406602384J00033477412.htm,"周末双休,五险一金,弹性工作,定期体检,免费班车,员工旅游",本科
中网数据(北京)股份有限公司 ,http://company.zhaopin.com/CC335272932.htm,软件研发工程师,全职,"岗位职责：1.分布式爬虫系统和数据采集的设计、开发。2.爬虫策略和防屏蔽规则，提升网页抓取的效率和质量。3.国内/海外各类互联网数据的采集抓取。4.理解系统数据处理流程以及业务功能需求。5.负责核心算法的设计与开发岗位要求：1.统招本科、计算机相关专业毕业，3年+以上实际的爬虫项目经验；2.掌握python,熟悉常用爬虫框架中的一种或多种，如Scrapy框架或其他的Webscrapingframework；3.熟悉HTML/JavaScript/CSS/xpath/url/Ajax/xml等web技知识,熟悉HttpClient、jsoup、WebDriver、phantomjs等工具;4.熟悉linux系统，熟悉postgres、redis，nosql等,熟悉Internet基本协议（如TCP/IP.HTTP等）5.能够解决封账号、封IP采集等问题,解决网页抓取、信息抽取等问题,构建完善的网络信息收集平台;6.负责网络爬虫采集规则的编写；7.有分布式爬虫架构经验者优先；8.有数据分析、数据挖掘相关经验者优先。",3-5年,北京市海淀区丰秀中路3号院7号楼中网数据办公大楼查看职位地图,北京,爬虫工程师,,3人 ,2018/4/26 13:06,15001-20000元/月?,http://jobs.zhaopin.com/335272932250254.htm,,本科
中诚信征信有限公司 ,http://company.zhaopin.com/P2/CC1935/9331/CC193593317.htm,Java开发工程师,全职,岗位职责：1、负责已开发的网站爬虫服务的维护和新需求网站爬虫的开发；2、独立解决各类网站的反爬措施和充分利用已有的资源达到爬取的最大效率；3、深入了解现有爬虫系统的架构设计，根据特殊的需求对架构做出合理地调整和改进。职位要求：1、2年以上Java或者Python开发爬虫的工作经验，有扎实的Java或者Python的代码基础；2、有丰富的网站爬取经验，对于涉及到参数加密的，能够独自通过改写js脚本或者使用Java或Python重写加密方法实现（非selenium加载方式）；3、熟悉使用mysql或Oracle数据库和数据库的操作命令；4、熟悉使用linux系统，并能熟练使用常用的命令；5、熟练使用正则表达式、Xpath、beautifulsoup等等解析工具一种或多种；6、有开发大量App爬虫经验者优先，有搭建大量代理机器经验者优先（非对接第三方Api），有独自使用程序处理多种网站验证码或者其他反爬验证的经验者优先（非对接第三方Api），有长时间根据特殊需求改进爬虫框架功能和效率经验者优先，有Redis和Hbase开发经验者优先。在标准征信业务中，中诚信征信在行业中具备领先优势，来自于我们对以下环节的高标准要求：采集――自有平台，网络爬虫、OPENAPI方式；我们的采集渠道多达上百个，包括电商、社交平台、运营商、工商等；存储――传统数据库、Hadoop数据大平台；挖掘――文本挖掘、情感语义分析、机器学习等；服务――信用分，信用报告，信用监控，大数据智慧服务等。我们不仅为员工提供优厚的福利保障，还致力于打造轻松、愉快的团队环境：――按国家标准缴纳社保、公积金；――年底双薪；――扁平化管理，平易近人的领导团队；――丰富的内、外部培训分享平台；――各类丰富有趣的团建活动；――弹性的工作时间；――免费的优质午餐、可口的下午茶；――位于东二环环境优美的独立四合院，紧邻地铁5、6号线东四站。公司地址北京市东城区东四南大街礼士胡同54号,1-3年,北京市东城区东四南大街礼士胡同54号查看职位地图,北京,爬虫工程师,,4人 ,2017/4/26 0:00,10000-20000元/月?,http://jobs.zhaopin.com/193593317250391.htm,"节日福利,五险一金,年底双薪,加班补助,包吃,带薪年假,弹性工作,定期体检",本科
北京联合盈鑫信息技术有限公司 ,http://company.zhaopin.com/%E5%8C%97%E4%BA%AC%E8%81%94%E5%90%88%E7%9B%88%E9%91%AB%E4%BF%A1%E6%81%AF%E6%8A%80%E6%9C%AF%E6%9C%89%E9%99%90%E5%85%AC%E5%8F%B8_CC383455428.htm,软件工程师,全职,岗位职责：1.参与爬虫系统的设计与开发；2.负责设计和开发分布式网络爬虫系统，进行多平台信息的抓取和分析；3.设计爬虫策略和防屏蔽规则，提升网页抓取的效率和质量；任职要求：1.熟悉linux平台开发，3年以上python爬虫开发经验；2.精通信息抓取和整合技术，从结构化的和非结构化的数据中获取信息；3.掌握AJAX网页采集技术以及爬虫高并发技术，流式处理;4.掌握验证码识别技术，有过工商信息、知识产权数据抓取经验者优先；5.具有搜索相关技术研发经验者优先；6.具有数据挖掘、自然语言处理、信息检索、机器学习背景者优先；7.熟悉Mysql，redis，mongdb三者至少之一，有过数据库调优和海量数据存储经验优先；,3-5年,朝来科技园查看职位地图,北京,爬虫工程师,,1人 ,2018/4/23 21:48,20001-30000元/月?,http://jobs.zhaopin.com/CC383455428J00039126513.htm,"周末双休,五险一金,补充医疗保险,弹性工作,带薪年假,餐补,年底双薪,加班补助",大专
北京环宇万维科技有限公司 ,http://company.zhaopin.com/CC533168623.htm,数据库开发工程师,全职,岗位职责1.负责相关的数据的抓取和清洗?工作2.责爬虫架构的持续的性能优化3.参与特征提取的策略研发4.参与信息流检索系统的研发任职条件1.熟悉scrapy，熟悉常用的基础网络和解析类库2.深入了解Python，对网络编程有较为深刻的理解3.掌握常用的爬虫反作弊方法4.1年以上相关工作经验,3-5年,北京市朝阳区青年路113号东院启城空间文创园8号智慧树查看职位地图,北京,Python爬虫工程师-北京-00089,,1人 ,2018/4/8 9:00,15000-25000元/月?,http://jobs.zhaopin.com/CC533168623J00029947913.htm,"五险一金,餐补,通讯补贴",本科
北京值得买科技股份有限公司 ,http://company.zhaopin.com/CC328489736.htm,高级软件工程师,全职,"工作职责：参与消费大数据的建设，专注于垂直领域数据爬取，进行多平台信息的抓取和分析；对爬虫系统的架构设计与开发；深刻理解爬虫系统架构，能对系统架构提出自己的见解和优化方案；实现数据提取、清洗、结构化、入库、统计分析等需求；建立爬虫监测体系，及时分析及解决爬虫在运行过程中出现的缺陷；研究优化算法，提升爬虫系统的稳定性、可扩展性；设计爬虫策略和防屏蔽规则，提升网页抓取的效率和质量；能独立解决实际开发过程碰到的各类问题。岗位要求全日制本科及以上，3年以上python/java开发经验，2年以上数据抓取工作经验；精通使用分布式基本知识，设计与开发爬虫系统架构；精通使用爬虫相关技术，如：python,scrapy,selenium,xpath,正则表达式但不限于以上技术等,有app研发背景或app爬虫开发经验佳，有逆向经验尤佳；精通高并发、高性能的分布式系统的设计及应用，熟悉常用数据存储，各种数据处理技术优先；熟悉Linux常用命令，独立完成日常部署更新等；具备较强的团队协作精神，工作责任心强，良好的沟通、理解、执行能力。",3-5年,北京市丰台区洋桥12号院3层至19层,北京,爬虫工程师,,1人 ,2018/4/23 19:26,15000-25000元/月?,http://jobs.zhaopin.com/328489736250510.htm,"五险一金,餐补,带薪年假,弹性工作,补充医疗保险,定期体检,节日福利,健身俱乐部",本科
人人公司（Renren Inc．） ,http://job.renren-inc.com/social.php,其他,全职,职位描述：1、负责Java爬虫策略和防屏蔽规则，提升网页爬取的效率和质量；2、负责网站浏览器自动化脚本的编写和维护工作任职资格：1、掌握至少一门编程语言，如Java、Python、JavaScript，并对其中一门语言有深入研究2、熟练掌握爬虫技术，包括但不限于Selenium，PhantomJS，对浏览器自动化技术有深入研究；3、熟悉反爬虫策略，并有针对性的解决经验；4、熟悉常用web开发相关技术，对HTTP协议有深入了解5、熟悉关系/非关系型数据库的使用，了解基本的设计、优化原则；6、对计算机相关基础知识有较好理解，了解常用数据结构和算法；7、良好的编码风格及测试习惯；8、有良好的团队合作精神，有责任感，有较好的沟通能力，主动性强；加分项：1、重视代码质量，懂得如何测试以及写测试，懂得如何写可测试的代码者优先；2、可以快速学习新知识，有多种不同编程语言使用经验者优先；3、参与设计并实现过大型互联网应用或系统者优先4、有分布式应用开发经验或socket编程基础者优先5、对开源社区感兴趣，有自己开源项目者优先,不限,北京市朝阳区酒仙桥中路18号国投信息产业科技园,北京,爬虫工程师,,1人 ,0002-01-01 00:00:00,9000-18000元/月?,http://jobs.zhaopin.com/130981852258923.htm,"节日福利,14薪,五险一金,绩效奖金,餐补,带薪年假,弹性工作,免费班车",不限
北明软件,http://special.zhaopin.com/pagepublish/38164071/index.html,软件研发工程师,全职,岗位职责：岗位职责：1、负责设计和开发分布式网络爬虫系统，进行多平台信息的抓取和分析；2、负责网页信息抽取、数据清洗等研发和优化工作；岗位要求：1、3年以上JAVA开发经验；2、熟悉网页抓取原理及技术，了解基于Cookie的登录原理，熟悉基于正则表达式、XPath、CSS等网页信息抽取技术；3、熟悉http通讯协议，包括协议认证，以及状态代码含义等；4、熟悉多线程、多进程、网络通信编程相关知识；5、有web2.0动态爬虫项目经验者优先；6、有反爬，分布式爬虫架构经验者优,3-5年,北京市西城区德胜门外大街13号院1号楼合生财富广场9层,北京,爬虫工程师,,1人 ,2018/4/23 14:07,15000-20000元/月?,http://jobs.zhaopin.com/381640713252111.htm,"五险一金,年底双薪,交通补助,员工旅游,节日福利",本科
品尚电子商务有限公司 ,http://company.zhaopin.com/CC668589122.htm,其他,全职,岗位职责：1、数据收集、筛选、分类，对数据进行深度挖掘和建模；2、统计和分析已获取的数据，并提出已有业务的优化和改进建议；3、针对专项业务分析设计分析方法、完成分析报告，提供决策支持；4、理解数据分析应用场景，将数据分析结果抽象为数据产品需求并推动落实。5、参与数据层建设，专注于垂直领域数据爬取，进行多平台信息的抓取和分析；6、参与爬虫系统的架构设计与开发；7、实现数据提取、清洗、结构化、入库、统计分析等需求；8、研究优化算法，提升爬虫系统的稳定性、可扩展性；9、设计爬虫策略和防屏蔽规则，提升网页抓取的效率和质量；10、能独立解决实际开发过程碰到的各类问题。任职资格：1、全日制本科以上学历，统计、数学、计算机、信息技术或其它相关专业。2、有3年以上计算机编程开发经验，熟悉常用数据结构，有丰富的爬虫和反爬虫经验者优先；3、至少熟练掌握Java／Python其中一种语言，良好的编码风格及编码能力；4、熟悉高并发、高性能的分布式系统的设计及应用，熟悉常用数据存储，各种数据处理技术优先。,3-5年,福建省泉州市丰泽区宝洲路299号（原行政执法局办公大楼）6楼,北京,爬虫工程师,,1人 ,2018/3/28 16:12,6001-8000元/月?,http://jobs.zhaopin.com/668589122250062.htm,"五险一金,定期体检,节日福利,带薪年假",本科
银谷普惠信息咨询(北京)有限公司 ,http://company.zhaopin.com/CC602987121.htm,软件研发工程师,全职,岗位职责：1.负责设计和开发分布式的网络爬虫，能独立解决实际开发过程碰到的各类问题2.负责网页信息抽取技术算法的研究和开发，提升数据抓取的效率和质量3.负责爬取数据的解析入库，爬虫系统的监控和异常警报4.负责数据处理和特征提取，训练风控模型任职要求：1.精通Java（spring/mybatis）与Python语言，2年Python爬虫经验，有良好的数据结构和算法设计基础；2.熟悉HTML/JavaScript/CSS/xpath/url/Ajax/xml等web技知识，熟悉HttpClient/Jsoup/Scrapy/Pyspider/Selenium/PL等工具;3.熟悉垂直搜索爬虫、分布式网络爬虫，深入理解网络爬虫原理，有丰富的数据爬取、解析、清洗、存储相关项目经验，掌握反爬虫技术及其突破方案；4.熟悉操作系统（Linux）及网络协议（如TCP/IP、HTTP等），了解Shell编程；5.熟练使用maven、git等项目管理工具；6.熟悉高并发、高性能的分布式系统的设计及应用，熟悉常用数据存储、各种数据处理技术者优先；7.有Python数据分析、数据挖掘相关经验者优先；8.不满足于现状，对技术保持热忱，对所支持的业务产品具有独立观点，并提出合理的建议。,1-3年,北京市朝阳区东大桥8号尚都国际中心A座6层,北京,python爬虫工程师,,5人 ,2018/4/19 11:18,15000-25000元/月?,http://jobs.zhaopin.com/602987121254600.htm,"节日福利,五险一金,年底双薪,绩效奖金,全勤奖,交通补助,餐补,带薪年假",本科
神州数码通用软件(上海)有限公司 ,http://company.zhaopin.com/P3/CC1563/4262/CC156342623.htm,软件工程师,全职,（本职位为合作伙伴天弘基金招聘职位）岗位职责：1、负责设计和开发分布式网络爬虫系统，进行多平台信息的抓取和分析2、负责网页信息抽取、数据清洗等研发和优化工作3、负责抓取数据的深度提取和挖掘4、参与爬虫核心算法的策略优化研究，提升网页抓取的效率和质量。任职资格：1、熟悉linux平台开发，精通Python/Java两种编程语言中的至少一种2、精通网页抓取原理及技术，精通正则表达式，从结构化的和非结构化的数据中获取信息3、熟悉Mysql，有过数据库调优和海量数据存储经验优先4、具有搜索相关技术研发经验者优先,3-5年,长宁区福泉路111号(天山西路口)神州数码上海科技园查看职位地图,北京,爬虫工程师,,1人 ,0002-01-01 00:00:00,8001-10000元/月?,http://jobs.zhaopin.com/156342623251172.htm,,本科
北京鼎阅广告传媒有限责任公司 ,http://company.zhaopin.com/CC419073231.htm,高级软件工程师,全职,岗位描述：1、分布式网络爬虫系统的设计及开发2、互联网站、网页、链接的特征挖掘，进行网页抓取、数据提取、清洗、入库；3、负责爬虫核心算法的策略优化研究，充分利用资源，避免限制；4、优化搜索、匹配、抓取等关键程序的性能及效率。任职要求：1、5年以上Java经验，3年以上爬虫开发经验，熟练应用多线程技术；2、熟练使用正则表达式、csspath、xpath等，能够从结构化的和非结构化的数据中获取信息；3、熟练使用MongoDB，Mysql数据库；4、精通一种开源爬虫框架，如scrapy、webmagic、nutch、heritrix等，有开发爬虫框架经验优先；熟悉反爬虫、验证码识别技术者优先；5、具有数据挖掘、自然语言处理、信息检索、机器学习背景者优先；6、同时精通Python与Java者优先。,3-5年,北京市海淀区西小口路66号东升科技园B6号楼A座8层查看职位地图,北京,Java高级爬虫工程师,,1人 ,2018/4/26 11:13,20000-30000元/月?,http://jobs.zhaopin.com/CC419073231J00031135612.htm,,大专
航天信息股份有限公司,http://special.zhaopin.com/bj/2011/ht05092576/index.htm,软件研发工程师,全职,职责描述：1、负责爬虫系统的开发；2、负责爬虫平台的开发；3、负责新人的指导；4、负责数据采集的策略制定；任职要求：（1）统招一本以上学历，计算机相关专业，5年以上相关工作经验，有团队管理经验更佳。（2）熟悉Linux系统；掌握Python开发语言。（3）熟悉mysql、redis，mongodb等数据库。（4）有scrapy、pyspider等爬虫框架使用经验。（5）熟悉基于正则表达式、XPath、jsonPath、CSS等网页信息抽取技术。（6）加分项：有滑动验证码识别技术经验；有nodejs开发经验。,5-10年,海淀区杏石口路甲18号,北京,网络爬虫工程师,,1人 ,0002-01-01 00:00:00,15000-25000元/月?,http://jobs.zhaopin.com/000422230253788.htm,"节日福利,五险一金,年底双薪,餐补,补充医疗保险,定期体检,带薪年假,采暖补贴",本科
北京百分点信息科技有限公司,http://special.zhaopin.com/pagepublish/27960691/index.html,软件工程师,全职,岗位职责：1、负责设计、开发、维护分布式爬虫系统，进行多平台数据抓取工作；2、负责整体爬虫系统的爬取策略、性能调优；3、负责爬虫系统自动抽取的核心算法和效果调优；4、负责爬虫系统的后台监控、报警模块的开发；任职要求：1、熟悉linux平台开发，精通Java编程语言；2、熟悉多线程、多进程、网络通信编程、分布式系统相关知识；3、精通网页抓取原理及技术，1年以上大规模分布式爬虫的开发、调优经验；4、热爱解决爬虫的各种技术问题，勇于挑战；,1-3年,北京市朝阳区北辰西路8号院2号楼北辰世纪中心A座16层查看职位地图,北京,爬虫工程师J10180,,2人 ,0002-01-01 00:00:00,15000-25000元/月?,http://jobs.zhaopin.com/279606915252011.htm,"五险一金,绩效奖金,交通补助,通讯补贴,弹性工作,补充医疗保险,定期体检",本科
北京慧闻科技发展有限公司 ,http://company.zhaopin.com/CZ382952980.htm,软件研发工程师,全职,岗位职责：1、设计和开发分布式网络爬虫系统，并进行多平台信息抓取和分析工作；2、负责网页信息抽取、数据清洗等研发和优化工作；3、负责抓取数据的深度提取和挖掘。任职要求：1、精通Python/C++/Java三种编程语言中的至少一种；2、精通网页抓取原理及技术，精通正则表达式，从结构化的和非结构化的数据中获取信息；3、熟悉Mysql，有过数据库调优和海量数据存储经验优先；4、具有大型web登录分析和搜索相关技术研发经验者优先；5、具有数据挖掘、自然语言处理、信息检索、机器学习背景者优先。6、计算机及相关专业优先，如果数学方面特别好也可以。,1-3年,北京市西城区西直门外大街137号宝蓝金融创新中心,北京,爬虫工程师,,2人 ,2018/4/27 9:59,10001-15000元/月?,http://jobs.zhaopin.com/382952985250019.htm,"每年多次调薪,五险一金,绩效奖金,餐补,带薪年假,弹性工作,节日福利",本科
云鸽在线(北京)信息技术有限公司 ,http://company.zhaopin.com/CC583962122.htm,高级软件工程师,全职,要求：1计算机、通信及相关专业本科以上学历2熟练掌握linux环境下的c/c++/python/Shell等1至2中语言3对算法和数据结构有深刻的理解和掌握，扎实的机器学习、数据挖掘理论和技术基础4具备很强的分析和结局问题的能力，对于公关疑难问题具有强烈的兴趣5有搜索或推荐相关系统研究或开发经验，有2年以上的相关工程经验尤佳6注重团队协作，有良好的沟通能力7有移动端和微信抓取经验优先考虑职责：1负责网络和移动端爬虫的开发和维护2负责数据检索系统的开发和维护3用脚本和程序对大规模数据进行处理和分析4微信文章抓取5app文章抓取：,不限,北京市海淀区北四环西路68号左岸工社510室,北京,爬虫工程师,,1人 ,2018/4/27 9:55,10001-15000元/月?,http://jobs.zhaopin.com/583962122250176.htm,"五险一金,年底双薪,绩效奖金,交通补助,餐补,通讯补贴,带薪年假,节日福利",本科
北京走吧科技有限公司 ,http://company.zhaopin.com/P2/CC1951/9511/CC195195110.htm,软件工程师,全职,岗位描述1：1、参与爬虫系统的架构设计与开发；2、具有实际爬虫开发、内容提取工作经验4年以上；3、负责设计和开发分布式网络爬虫系统，进行多平台信息的抓取和分析；4、设计爬虫策略和防屏蔽规则，提升网页抓取的效率和质量；5、能独立解决实际开发过程碰到的各类问题；任职资格1、熟悉linux平台开发，3年以上Java、python或C/C++开发经验；2、精通信息抓取和整合技术，从结构化的和非结构化的数据中获取信息；3、熟悉Mysql，redis，mongdb三者至少之一，有过数据库调优和海量数据存储经验优先；4、具有搜索相关技术研发经验者优先；5、具有数据挖掘、自然语言处理、信息检索、机器学习背景者优先；6、有nutch，heritrix抓取经验或者分布式抓取经验者优先；7、熟悉搜索引擎和个性化推荐相关技术，精通主流分词算法、分类、提取摘要、大规模网页聚类、索引、检索等相关开发经验者优先。,3-5年,北京市海淀区北三环西路43号青云当代大厦1702室查看职位地图,北京,爬虫工程师,,1人 ,2018/4/26 10:30,15000-30000元/月?,http://jobs.zhaopin.com/CC195195110J00030215113.htm,"五险一金,绩效奖金,全勤奖,弹性工作,交通补助",大专
乐飞天下信息技术(北京)有限公司 ,http://company.zhaopin.com/CC693696125.htm,高级软件工程师,全职,岗位职责：1、高可靠性爬虫开发；2、分布式架构和大数据系统设计和开发；3、web后端开发和维护；任职要求：1、熟练掌握Python语言，有大型项目开发经验；2、精通爬虫抓包分析、模拟请求、数据解析，有一定的反爬能力，有分布式爬虫开发经验；3、具备一定的逆向工程能力，能够逆向分析AndroidApp；4、熟练使用Tornado、Django、Flask等web后端框架中的一个，有Tornado经验最佳；5、熟练使用数据库，如Mysql、Redis、Elastcisearch等；6、了解Gearman、Rabbitmq、Socket、HTTP等通信方式；7、熟练使用类Unix命令；8、具有极客精神，有团队合作精神和责任心，有较强的学习能力和技术攻关能力、沟通能力以及分析与解决问题的能力。,3-5年,北京市朝阳区SOHO现代城A座701室查看职位地图,北京,高级爬虫工程师,,1人 ,2018/4/26 9:56,15001-20000元/月?,http://jobs.zhaopin.com/CC693696125J00034620013.htm,"健身俱乐部,五险一金,绩效奖金,股票期权,餐补,带薪年假,员工旅游,弹性工作",本科
紫光集团有限公司,http://special.zhaopin.com/pagepublish/15665902/index.html,高级软件工程师,全职,岗位职责：1.负责设计和开发分布式网络爬虫系统，进行多平台信息的抓取和分析工作。2.负责网页信息和APP数据抽取、清洗、消重等工作，提升平台的抓取效率。3.参与爬虫核心算法和策略优化，熟悉采集系统的调度策略。4.实时监控爬虫的进度和警报反馈。任职要求：1.熟悉Linux系统，掌握Java、Python等语言。2.掌握网页抓取原理及技术，了解基于Cookie的登录原理，熟悉基于正则表达式、XPath、CSS等网页信息抽取技术。3.熟悉整个爬虫的设计及实现流程，有从事网络爬虫、网页信息抽取开发经验，熟悉反爬虫技术，有分布式爬虫架构经验。4.有智能投资、fintech信息收集经验者优先。5.有较强的学习能力，工作认真负责，严谨细致，有良好的创新意识和团队精神。,5-10年,北京市海淀区中关村东路一号院清华科技园紫光大厦,北京,网络爬虫高级软件工程师,,1人 ,2018/2/1 17:11,15000-30000元/月?,http://jobs.zhaopin.com/156659022250558.htm,"五险一金,绩效奖金,交通补助,餐补,通讯补贴,带薪年假,补充医疗保险,定期体检",本科
上海蔓盈信息科技有限公司北京朝阳分公司 ,http://company.zhaopin.com/CC377218983.htm,高级软件工程师,全职,工作职责：1、负责分布式爬虫、新闻处理系统，新闻服务系统开发和优化2、可以参与数据分析，日志清洗，hadoop开发等相关工作职位要求：1、有3年以上Java开发经验，对Java多线程，JVM调优，序列化、反射机制有深入了解。2、有爬虫，文本处理，个性化推荐系统等一项或多项经验者优先。3、有分布式计算和存储平台，有Hadoop，Spark，NoSQL平台等开发经验者优先4、有管理过团队经验的人员优先。,1-3年,太阳宫大厦20层查看职位地图,北京,爬虫工程师,,1人 ,2018/4/20 14:29,15000-30000元/月?,http://jobs.zhaopin.com/CC377218983J00040130413.htm,,本科
芯网铭源(北京)科技有限公司 ,http://company.zhaopin.com/CC208478182.htm,软件工程师,全职,技能：1.熟练python2和python3；2.熟练掌握selenium；3.熟练掌握scrapy；4.对于反爬虫技术非常熟悉；5.熟悉linux熟练掌握；6.了解pythonWeb技术，包括：flask、MySQL等相关技术；7.使用ElasticSearchAPI相关技术；8.熟练掌握HTML5、Javascript、Bootstrap、jQuery等前端技术；9.掌握Redis，Memcach相关数据存储技术；10.熟练掌握网络通讯协议和多线程、多进程并发开发技术；11.有大并发架构经验优先。岗位职责：1.负责公司在线业务系统的研发和维护工作；2.与业务合作方进行系统API的对接；3.负责相关运营后台系统研发工作；4.负责公司OA系统的开发5.编写开发文档6.负责效率工具的后台开发工作，具体包括需求分析、文档撰写、设计编码、测试运维、效果追踪等工作；7.负责优化产品的性能，根据产品设计完成高质量的服务端产品研发；8.持续优化并演进产品。,1年以下,北京市海淀区清河强佑清河新城A座1019查看职位地图,北京,python 爬虫工程师,,1人 ,2018/4/26 10:59,10001-15000元/月?,http://jobs.zhaopin.com/CC208478182J00037778314.htm,"周末双休,加班补助,交通补助,餐补,通讯补贴,节日福利,全勤奖",本科
天津火星文化有限公司北京分公司 ,http://company.zhaopin.com/CZ256151130.htm,软件工程师,全职,岗位职责：1.负责大规模分布式爬虫系统的搭建和维护；2.进行大数据挖掘，文本分析相关研究任职要求：1.精通python，基本知识扎实，熟悉scrapy框架者优先2.了解常见的反爬机制及应对策略3.良好的编码规范，对代码质量有高要求4.思维灵活，能够突破性的寻找解决方案任职要求：,不限,北京市朝阳区高井8号东亿国际传媒产业园c15,北京,Python爬虫工程师,,1人 ,2018/4/26 10:06,10001-15000元/月?,http://jobs.zhaopin.com/256151131250126.htm,"创业公司,五险一金,带薪年假,弹性工作,补充医疗保险",不限
中国安全生产科学研究院 ,http://company.zhaopin.com/CC460859320.htm,科研人员,全职,岗位职责：1.负责设计和开发网络爬虫系统，进行多平台信息的抓取和页面内容的提取分析工作，如从相关的各类网站爬取行业安全生产相关数据等。2.参与爬虫核心算法和策略优化，提升平台的抓取效率；3.实时监控爬虫的进度和警报反馈；4.负责制定安全策略，有针对性的设计防爬虫策略；5.负责网页信息的抽取、数据清洗等研发和优化工作；6.针对抓取的海量数据，设计存储、检索和管理平台，提供数据服务；7.根据互联网数据更新频率，建立实时抓取策略，保证获得最新数据。岗位要求：1.计算机、信息科学等相关专业本科及以上学历，注重经验和实际开发能力；2.熟悉Java、JDBC、SQL、Python等语言；3.熟悉信息采集、网络爬虫、网络代理的原理与工作机制；4.实际爬虫开发、内容提取工作经验；5.有过海量数据爬取经验者优先；6.有良好的分析和解决问题能力，逻辑思维清晰严谨。7.人品正直，工作态度认真负责，能吃苦耐劳，注重团队合作。,不限,北京市朝阳区北苑路32号安全大厦查看职位地图,北京,爬虫工程师,,1人 ,2018/4/12 14:26,8001-10000元/月?,http://jobs.zhaopin.com/CZ460859320J00024764113.htm,,本科
北京一览科技有限公司 ,http://company.zhaopin.com/CC528855489.htm,软件工程师,全职,职位诱惑：待遇优厚职位描述：1.负责多平台信息爬取和页面内容的提取分析;2.参与爬虫系统的架构设计和研发，独立进行抓取和清洗工作;3.负责大规模数据爬虫的性能优化工作;4.负责高性能分布式下载模块设计与维护;岗位要求1.一年以上实际爬虫开发、内容提取工作经验；能独立解决实际开发过程碰到的各类问题；2.熟悉C++、Python、Golang等编程语言；3.深入了解Http协议和web登录认证机制，熟悉web前端，可读懂js代码；4.了解多线程、多进程、网络通信编程相关知识，有过海量数据爬取经验、清洗项目经验；5.掌握网页抓取原理及技术，了解基于Session的登录原理，熟悉基于正则表达式、XPath、CSS等网页信息抽取技术；6.了解APP模拟及接口验签破解技术，了解APP用户授权访问机制，掌握Selenium，APP破解技术优先；,1-3年,北京市朝阳区来广营诚盈中心3号楼,北京,高级网络爬虫工程师,,1人 ,2018/4/20 11:32,20000-40000元/月?,http://jobs.zhaopin.com/528855489250023.htm,"创业公司,14薪,五险一金,股票期权,餐补,带薪年假,弹性工作,节日福利",本科
大连晟丰原信息咨询有限公司 ,http://company.zhaopin.com/CC568604326.htm,高级软件工程师,全职,"岗位职责：1、负责分布式爬虫系统的核心技术研究、系统规划2、负责爬虫核心算法的策略优化，提升网页抓取的效率和质量3、研究各种网页、微信、app接口，实现多通道抓取岗位要求：1、大专或以上学历，3年以上java开发经验，2年以上爬虫管理经验；2、精通SpringMVC，Structs2，Spring，Hibernate，Mybatis等开源项目，了解Python开发；3、具有分布式爬虫系统框架设计能力，以及爬虫项目规划能力。4、熟悉网络编程、熟悉多线程机制、有过SocketHTTP网络编程项目经验。5、模拟浏览器操作爬虫，了解网页抓取原理及技术，备网络爬虫项目经验。6、有分布式爬虫的开发以及维护工作经验。7、有互联网金融行业经验，具备快速学习新理念及技术,有务实的工作态度与扎实的软件开发理论基础。",3-5年,朝阳区望京SOHO查看职位地图,北京,中高级爬虫工程师,,2人 ,2018/4/11 17:13,15000-20000元/月?,http://jobs.zhaopin.com/CC568604326J00135723701.htm,"周末双休,五险一金,加班补助,弹性工作",大专
青岛大快搜索计算技术股份有限公司 ,http://company.zhaopin.com/CZ434944280.htm,高级软件工程师,全职,职位描述：1、设计和开发分布式网络爬虫程序；2、分析爬取过程，提供技术实现方案；3、分析静态网页结构，解析网页数据，对数据进行过滤，去重，结构化处理；4、设计优化爬虫调度系统，优化调度策略。任职要求：1、熟悉JAVA，J2EE编程；2、熟悉前端技术，HTML，JavaScript，Ajax等；3、熟悉网络编程，对TCP/IP，HTTP有深入理解；4、熟练使用正则表达式、xpath、jsonpath，精通网页数据提取；5、熟练使用Mysql，熟悉Nosql数据库如Redis，熟悉elasticsearch；6、熟悉webmagic，自动化测试工具selenium，phtomjs；,1-3年,海淀区善缘街1号立方庭5层529室查看职位地图,北京,爬虫工程师,,1人 ,2018/4/16 16:10,10000-20000元/月?,http://jobs.zhaopin.com/CZ434944280J00027698414.htm,"创业公司,五险一金,定期体检,员工旅游,高温补贴,节日福利,带薪年假",大专
北京翡翠教育科技有限公司昌平分公司,http://special.zhaopin.com/pagepublish/39326338/index.html,IT技术/研发经理/主管,全职,岗位职责：1、负责基于python的网络爬虫的研究工作；2、负责基于python的网络爬虫教学工作；3、制作课程案例，编写教学文档；任职要求:1、熟悉python开发，了解网络爬虫基本知识；2、熟悉http/html/xpath等；3、熟悉scrapy或pyspider，有爬虫经验，熟悉爬虫调度策略；4、有服务器编程经验，熟悉elasticsearch，lucene，hive，redis之中两个，熟悉更多者优先；5、对新技术知识具有浓厚的学习和研究兴趣，动手能力强，有阅读开源项目源码习惯尤佳；6、具有一定的独立解决问题的能力，良好的沟通与团队协作精神；7、本科以上学历，工作经验0-3年；联系人：韩联系方式：010-56105489,1-3年,北京昌平区回龙观镇田园风光雅园2期3层地铁8号线平西府D3出口即到查看职位地图,北京,Paython爬虫工程师,,1人 ,2018/4/23 17:58,8000-15000元/月?,http://jobs.zhaopin.com/393263380250162.htm,"五险一金,绩效奖金,加班补助,餐补,弹性工作",大专
北京知因智慧数据科技有限公司 ,http://company.zhaopin.com/CZ756045070.htm,软件工程师,全职,岗位职责：1、设计工商和金融类的主流网站反扒解决方案2、负责分布式爬虫系统的核心技术研究、架构设计和落地指导3、负责爬虫算法的策略优化，提升网页抓取的效率和动态增量更新任职要求：1、计算机相关专业，三年以上网页，APP和微博类爬取等相关工作经验优先2、熟悉反爬机制，有能力解决图片验证码、IP访问限制和增量更新问题。3、负责指导爬虫工程师进行技术验证，核心技术问题的攻关，解决爬取过程中的难题4、熟悉MongoDB、Mysql、Oracle等数据库操作，具有数据库应用软件的开发经验5、熟悉JAVA，Python等语言，掌握爬虫框架（如Scrapy，WebMagic）的设计和优化6、熟悉网络编程和多线程机制，具有http网络编程项目经验7、逻辑思维严谨，具有良好的沟通能力和团队协作精神,3-5年,北京市朝阳区三元桥曙光西里甲1号第三置业大厦B-1706查看职位地图,北京,爬虫工程师,,2人 ,2018/4/23 11:20,10001-15000元/月?,http://jobs.zhaopin.com/CZ756045070J00018183715.htm,"14薪,交通补助,餐补,带薪年假,弹性工作,补充医疗保险,定期体检,节日福利",本科
北京氢元数据信息技术有限公司 ,http://company.zhaopin.com/CC461164932.htm,软件工程师,全职,岗位职责：1.负责公司舆情产品功能开发，架构升级2.根据需求文档进行相关产品的开发、撰写开发文档3.对现有系统的不足进行分析，找到目前系统的瓶颈，提升系统性能4.保质保量按时完成开发任务；测试阶段积极配合测试，及时对BUG进行修复任职要求：1、本科以上学历，有1年以上项目开发经验2、认真负责，有优秀的逻辑思维和沟通能力，有良好的文档习惯3、熟悉linux开发，有高并发系统的开发经验4、熟悉消息中间件和Nosql，有数据库设计和调优经验5、有过python开发经验，爬虫开发经验者优先,1-3年,北京市海淀区双清路启迪之星孵化器查看职位地图,北京,爬虫工程师,,1人 ,2018/4/24 15:13,10001-15000元/月?,http://jobs.zhaopin.com/CC461164932J00038817312.htm,"周末双休,五险一金,创业公司",本科
北京卓越讯通科技有限公司 ,http://company.zhaopin.com/CZ201283880.htm,软件研发工程师,全职,职位描述：岗位职责：1、参与爬虫系统的架构设计与开发；2、负责网页信息抽取、数据清洗等研发和优化工作；2.把握网络爬虫的核心技术研究方向，例如信息抽取、数据聚类、重组、搜索；3.分析爬虫系统的技术缺陷，对策略架构做出合理地调整和改进。任职要求：1.计算机、软件工程相关专业本科及以上学历，在网络数据抓取，信息提取方向有1-3年以上的工作经验；2、精通Java、Python等语言的一种，有丰富的编程经验，有良好的软件系统设计思想；2、熟悉多线程、网络编程，精通网页抓取原理及技术，精通正则表达式，能从结构化的和非结构化的数据中获取信息；3、熟悉爬虫、种子、去重、提取、过滤、分发、DNScache、异步处理等概念和过程；4、具备信息检索、web挖掘等搜索引擎相关知识，有从事网络爬虫、网页去重、网页信息抓取、网页分类中任一种程序开发经验；5、熟练使用Selenium，Phantomjs等，在动态网页抓取时的应用6、精通任意一种开源爬虫框架，比如scrapy、webmagic、nutch、heritrix等等，有开发爬虫框架经验优先；加分项：有微博、微信和评论爬虫经验的优先有过海量数据爬虫／搜索系统设计经验熟悉基本的NLP概念和算法，有过分类／聚类等机器学习经验在舆情领域开发过完整的爬虫平台具有反爬虫实战经历具备设计爬虫策略和防屏蔽规则能力了解solr、elasticsearch、hadoop、HBase,3-5年,北京市朝阳区利泽中园106号楼3层308A号查看职位地图,北京,爬虫工程师,,5人 ,2018/4/16 15:40,10001-15000元/月?,http://jobs.zhaopin.com/201283886250086.htm,"五险一金,加班补助",本科
启迪汇智(北京)投资管理有限公司 ,http://company.zhaopin.com/CC391309933.htm,高级软件工程师,全职,"工作地点：北京学历要求：本科工作年限要求：5年以上基本技能要求：Python、mysql等数据库语句岗位职责：1、爬取公司业务所需要的业务数据；2、根据源数据站点的特性，定制爬取程序、断点续传、定时更新等功能；3、负责数据的清洗、整理、分析；4、破解反爬虫、验证码破解、网站认证、人机识别等。任职要求：1、精通mysql,mongodb,redis,sql语句和数据库管理；2、精通http协议,NGINX,squid；3、精通LINUX系统:CentOS,RedHat.SHELL脚本，防火墙,NFS,LVS等；4、精通java,python任一种语言，对应tomcat,django,flask,tornado，scrapy等应用；5、精通前端开发html,js,css；6、精通搜索引擎elasticsearch,或其他搜索引擎；7、熟悉TCP/IP网络,二层、三层、四层、工作原理；8、熟悉restful，良好的程序设计能力，编程风格。",5-10年,北京市海淀区清华科技园科技大厦C座18层查看职位地图,北京,爬虫工程师(职位编号：QDJKT-180104-0),,1人 ,0002-01-01 00:00:00,20000-30000元/月?,http://jobs.zhaopin.com/391309933250063.htm,"节日福利,餐补,弹性工作,带薪年假,定期体检,五险一金",本科
北京奇虎科技有限公司,http://special.zhaopin.com/bj/2013/xh022730/index.htm,软件工程师,全职,"职位描述：岗位职责:1、负责抓取各网站页面，分析链接，转码等；2、负责一些优质号源发现，优质垂直站点发现等；3、负责一些数据挖掘相关算法，做数据分析和处理。任职要求：任职要求：1、有扎实的数据结构和算法功底；2、工作认真细致踏实，有较强的学习能力，熟悉常用爬虫工具；3、熟悉linux开发环境，熟悉python等；4、理解http，熟悉html,DOM,xpath,scrapy优先；5、有爬虫，信息抽取，文本分类相关经验者优先；6、了解Hadoop、Spark等大数据框架和流处理技术者优先。",3-5年,公司名称：北京奇虎科技有限公司公司主页：http://www.360.cn,北京,爬虫工程师(职位编号：15375),,2人 ,0002-01-01 00:00:00,面议?,http://jobs.zhaopin.com/467717611259451.htm,,本科
深圳市和品企业管理顾问有限公司 ,http://company.zhaopin.com/CC470011514.htm,数据库开发工程师,全职,*负责设计和开发分布式网络爬虫系统，进行多平台信息的抓取和分析工作；*负责网页信息和APP数据抽取、清洗、消重等工作，提升平台的抓取效率；*参与爬虫核心算法和策略优化，熟悉采集系统的调度策略；*实时监控爬虫的进度和警报反馈；*指导和协调其他爬虫工程师的工作,1-3年,海淀科学院路查看职位地图,北京,爬虫负责人,,3人 ,2018/3/28 18:01,30001-50000元/月?,http://jobs.zhaopin.com/CC470011514J00055900008.htm,,硕士
云鸽在线(北京)信息技术有限公司 ,http://company.zhaopin.com/CC583962122.htm,高级软件工程师,全职,要求：1计算机、通信及相关专业本科以上学历2熟练掌握linux环境下的c/c++/python/Shell等1至2中语言3对算法和数据结构有深刻的理解和掌握，扎实的机器学习、数据挖掘理论和技术基础4具备很强的分析和结局问题的能力，对于公关疑难问题具有强烈的兴趣5有搜索或推荐相关系统研究或开发经验，有2年以上的相关工程经验尤佳6注重团队协作，有良好的沟通能力职责：1负责网络爬虫的开发和维护2负责数据检索系统的开发和维护3用脚本和程序对大规模数据进行处理和分析,3-5年,北京,北京,软件工程师 python 爬虫,,1人 ,2018/4/16 17:16,15001-20000元/月?,http://jobs.zhaopin.com/583962122250110.htm,"五险一金,绩效奖金,交通补助,通讯补贴,带薪年假,定期体检,员工旅游,节日福利",本科
儿时记忆(北京)科技有限责任公司,http://company.zhaopin.com/CZ754080870.htm,其他,全职,1.会写爬虫2.会写规则3.会分布式4.会抓取app数据5.会抓取公众号数据6.会破解验证码,1-3年,北清路珠江摩尔大厦8号楼1单元212查看职位地图,北京,APP爬虫工程师,,5人 ,2018/3/27 13:25,2001-4000元/月?,http://jobs.zhaopin.com/CZ754080870J00030722415.htm,"创业公司,每年多次调薪,绩效奖金,股票期权",不限
久远谦长(北京)技术服务有限公司,http://company.zhaopin.com/CC310440181.htm,数据库开发工程师,全职,职位：爬虫工程师工作地点：北京【职位描述】：*针对复杂的网站架构主动获取相关数据信息；*负责数据获取、清洗和分析工作。【任职资格】：*计算机科学、应用数学、统计学、物理学、天文学、商业分析、信息系统、数据科学或相关专业本科或以上学历；*优秀的学习能力与发现、分析并解决问题的能力；*良好的团队合作精神与沟通能力。【技能要求】：*熟悉Java/Python等语言及相关算法和数据结构；*熟练Linux操作，熟练掌握HTTP协议，了解大型爬虫框架等；*熟悉MySQL等关系型数据库，有NoSQL，Redis等工作经验者优先；*对计算机体系结构、分布式系统、协程和网络编程有深入了解；*具备敏捷开发经验，熟练使用SVN和Maven；*有很强的英语阅读能力。【公司介绍】：久谦管理咨询与技术服务基于深度分析和垂直整合的搜索能力，提供给客户策略性的部门远瞻和实际的运作支持。-麦肯锡传统-*久谦于2009年8月由多位前麦肯锡顾问创立，目前在京沪两地拥有约200位全职咨询顾问与技术专家，主要服务于全球知名的跨国公司、互联网企业、金融机构以及机构投资者，积累了良好的客户口碑*久谦提供从战略规划到组织、运营层面的定制化解决方案，帮助客户改善管理技能并提升竞争力-行业专精化-*公司专注于消费品与消费服务、金融、医疗、互联网科技和工业品等行业，通过系统性研究理解各行业的发展路径和增长机制，并不断深化行业议题*久谦基于丰富行业知识、独到行业洞察和一线项目经验总结，提供专精行业的全价值链深入分析-大数据驱动-*久谦拥有和运营商深度合作的专有原始数据源，具备独特的数据分析视角*公司在数据清洗与挖掘、数据统计与算法模型和语义分析方面具备行业领先的技术水平与能力，且持续迭代与提升技术架构与服务平台-以人才共治-*久谦确保每一位员工切实的融入到公司的发展中，确保广泛层面的共同参与和投入（自主人才流失＜8%）*团队具备专业背景与实务经验，毕业于国内外一流大学，拥有麦肯锡、雅虎、谷歌、华为、豆瓣等公司工作经验,不限,朝阳区建国门外大街一号国贸大厦三期B座5507,北京,爬虫工程师,,1人 ,2018/3/5 12:27,10000-20000元/月?,http://jobs.zhaopin.com/310440181250021.htm,"五险一金,绩效奖金,定期体检,带薪年假",本科
深圳前海白羽毛互联网金融服务有限公司,http://company.zhaopin.com/CZ741865240.htm,其他,全职,岗位描述：参与数据平台爬虫的实现和维护根据业务需要不断调整爬虫策虑以提供高质量数据参与部分数据清洗、分类等处理工作任职要求：有实际爬虫实现经验熟悉常见反爬虫策虑熟悉正则表达式熟悉网页结构及常用爬取解析方式熟练使用Python语言，熟悉linux环境下的开发代码风格良好，严格遵守PEP8规范优先考虑：参与过数据挖掘或机器学习项目熟悉MongoDB在github有相关领域的开源项目有相关领域的技术博客、专栏有文档撰写习惯,3-5年,东城区东直门外当代MOMA查看职位地图,北京,python爬虫工程师,,1人 ,2018/4/24 13:32,10001-15000元/月?,http://jobs.zhaopin.com/CZ741865240J00037509601.htm,"五险一金,餐补,定期体检,员工旅游",本科
矩阵未来(北京)科技有限公司,http://company.zhaopin.com/CZ687856780.htm,软件工程师,全职,"岗位职责：参与网页信息抓取、解析、数据清洗等研发和优化工作；参与负责网页抓取/API读取相关在线服务、计算、调度、存储等工程架构开发；参与爬虫核心算法的策略优化研究，提升抓取的效率和质量；负责相关业务团队定向数据获取诉求；设计爬虫策略和防屏蔽规则，提升网页抓取的效率和质量；任职资格：本科及以上学历，计算机相关专业,1年以上相关工作经验；熟悉Linux系统，掌握java/python至少一门开发语言，有网络爬虫的工程背景和经验；能熟练使用Xpath、CssSelector、正则表达式进行数据解析能熟练使用关系型数据库MySQL,非关系型数据库mongdb，redis缓存等。有python开发经验、爬虫经验、app抓取、强授权爬虫开发经验优先；",1年以下,朝阳区京龙大厦12层查看职位地图,北京,爬虫工程师,,3人 ,2018/4/19 16:11,12000-24000元/月?,http://jobs.zhaopin.com/CZ687856780J00037627012.htm,"创业公司,无试用期",本科
智招网(北京)科技有限公司,http://company.zhaopin.com/CZ505204230.htm,高级软件工程师,全职,1、参与数据层建设，专注于垂直领域数据爬取，进行多平台信息的抓取和分析；2、参与爬虫系统的架构设计与开发；3、实现数据提取、清洗、结构化、入库、统计分析等需求；4、研究优化算法，提升爬虫系统的稳定性、可扩展性；5、设计爬虫策略和防屏蔽规则，提升网页抓取的效率和质量；6、能独立解决实际开发过程碰到的各类问题。岗位要求：1、本科以上学历，计算机等专业；2、有扎实的计算机基础、熟悉常用数据结构，具有实际爬虫开发经验；3、至少熟练掌握Java／Python其中一种语言，良好的编码风格及编码能力；4、熟悉高并发、高性能的分布式系统的设计及应用，熟悉常用数据存储，各种数据处理技术优先；5、有4年以上编程开发经验，有丰富的爬虫和反爬虫经验者优先。,3-5年,海淀区北京市海淀区信息路12号路中关村发展大厦D区一层查看职位地图,北京,高级爬虫工程师,,1人 ,2018/4/11 14:18,15000-25000元/月?,http://jobs.zhaopin.com/CZ505204230J00037297411.htm,"创业公司,周末双休,五险一金,定期体检",本科
北京中润普达信息技术有限公司,http://company.zhaopin.com/CC595817629.htm,软件工程师,全职,岗位职责：1.参与爬虫系统的设计与开发；2.负责设计和开发分布式网络爬虫系统，进行多平台信息的抓取和分析；3.设计爬虫策略和防屏蔽规则，提升网页抓取的效率和质量；任职要求：1.熟悉linux平台开发，1年以上python爬虫开发经验，熟悉正则表达式、xpath等；2.精通信息抓取和整合技术，从结构化的和非结构化的数据中获取信息；3.掌握AJAX网页采集技术以及爬虫高并发技术，流式处理;4.掌握模拟登陆、验证码识别等技术，具有批量实时数据抓取经验者优先；5.具有数据挖掘、自然语言处理、信息检索、机器学习背景者优先；6.熟悉Mysql，redis，mongdb三者至少之一，有过数据库调优和海量数据存储经验优先；7.有个人技术博客者优先。,1-3年,北京市西城区北三环中路甲29号院华尊大厦B座605查看职位地图,北京,网络爬虫工程师,,2人 ,2018/4/26 9:19,7000-14000元/月?,http://jobs.zhaopin.com/CC595817629J00040032911.htm,"每年多次调薪,周末双休,五险一金,绩效奖金,加班补助,带薪年假,弹性工作,节日福利",本科
北京蓝鲸互动科技发展有限公司,http://company.zhaopin.com/CZ387674230.htm,软件工程师,全职,岗位职责：1、负责开发网络爬虫系统信息抓取和分析2、提高数据抓取的效率和质量，解决数据的重复，垃圾数据识别，清洗3、负责数据平台设计与开发任职要求：1、一年以上相关工作经验2、熟悉Nodejs/Python3、熟练Linux操作及常用的爬虫框架4、熟悉MySQL等关系型数据库，有NoSQL，Redis等工作经验者优先5、具有数据挖掘、自然语言处理、信息检索、机器学习背景者优先日薪：150元/天,不限,北京市朝阳区三元桥查看职位地图,北京,爬虫工程师（可兼职）,,1人 ,2018/3/30 18:52,2001-4000元/月?,http://jobs.zhaopin.com/CC387674238J00035165011.htm,"创业公司,带薪年假,弹性工作,餐补,周末双休,无试用期",本科
黑龙江一点通科技开发有限公司 ,http://company.zhaopin.com/CC558854324.htm,算法工程师,全职,任职要求：1.有过中大型爬虫程序的开发经验2.能够对采集到的数据做初步清洗和初步的热词分析3.2年以上相关工作经验工作地点：工作地点：北京金融街21号中国联通工作地址金融街21号中国联通,3-5年,西城区金融街21号中国联通总部,北京,数据分析，爬虫开发工程师 外派中国联通,,5人 ,2018/3/28 9:58,8000-15000元/月?,http://jobs.zhaopin.com/558854324250198.htm,,大专
北京人众互联信息技术有限公司 ,http://company.zhaopin.com/CZ704081220.htm,软件研发工程师,全职,岗位职责：1、参与爬虫系统的架构设计和研发，独立进行抓取和清洗工作；2、参与爬虫核心算法的策略优化研究；2、根据要求完成相应模块，持续优化代码。任职要求：1、2年以上爬虫相关工作经验有过网络爬虫、网页去重、网页信息抽取优先；2、掌握java/C++/js等语言；3、对网络协议原理等熟知，熟悉web前端，可读懂js代码；4、掌握常见解析方法，会使用正则4、掌握python语言，有一年以上使用经验；5、熟练linux操作，可进行简单维护与脚本编写5、熟练使用nosql数据库中至少一种,1-3年,朝阳区青年路113号6号楼，无界空间查看职位地图,北京,Python爬虫开发高级工程师,,2人 ,2018/3/1 19:01,15001-20000元/月?,http://jobs.zhaopin.com/CC704081226J00026087810.htm,,本科
东华光普大数据技术有限公司 ,http://company.zhaopin.com/CC301824281.htm,软件工程师,全职,岗位职责：1、负责研究各种网站、论坛、社交媒体实现多种媒体资源抓取实现；2、反爬策略的设计及优化；3、负责大数据的数据采集与爬取、解析处理、入库及备份等数据日常工作；4、负责数据的清洗、整理、整合及合并等工作；任职资格：任职资格：1、精通Python，java语言，2年以上编写网络爬虫经验；2、熟悉反爬虫机制并有对应的破解方案；3、了解各种Web前端技术，包括XHTML/XML/CSS/JavaScript/AJAX等；4、熟悉正则表达式和XPATH，能够从结构化或非结构化数据中获取信息；5、精通MySQL或PostgreSQL；6、熟悉Redis或MongoDB；7、有良好的编程习惯和算法基础；8、工作认真责任心强，良好的沟通和团队协作能力；9、熟悉Go语言优先；10、有大数据相关工作经验优先。,3-5年,北京市海淀区知春路紫金数码园3号楼8层查看职位地图,北京,爬虫/数据抓取工程师,,1人 ,2017/10/26 16:40,10001-15000元/月?,http://jobs.zhaopin.com/301824281250109.htm,"五险一金,交通补助,餐补,通讯补贴,带薪年假,弹性工作",本科
大连火眼征信管理有限公司,http://company.zhaopin.com/CC415833037.htm,系统架构设计师,全职,任职要求：1.精通Python，2年或以上爬虫经验；熟悉网络编程、多线程编程、大规模文本数据处理等，有良好代码风格；2.熟练应用正则表达式、xpath、selenium等技术；3.熟悉redis等nosql数据库优先考虑。4.熟练使用Linux/SVN等，1年或以上Linux平台下的项目经验，有shell编程基础优先；5.强烈的责任感，善于分析和解决问题，有较好的沟通和团队合作的能力。职位描述:1、负责所属模块的代码开发、调试与维护工作；2、参与公司产品的架构优化，性能优化并辅助其他模块进行技术实现；3、协助并完成其他各类技术开发任务。,1-3年,北京市朝阳区望京SOHO塔一B座16层1610室,北京,爬虫工程师,,10人 ,2018/4/4 10:01,8000-16000元/月?,http://jobs.zhaopin.com/415833037250127.htm,"五险一金,弹性工作,带薪年假,节日福利",本科
北京人众互联信息技术有限公司 ,http://company.zhaopin.com/CZ704081220.htm,软件工程师,全职,"岗位职责：1、负责大型数据爬虫系统的架构开发及策略迭代；2、支持算法引擎的维护优化，基于R和python实现后端算法产品；3、参与在线服务数据平台的开发与维护。4、开发网上采集数据软件的工程师优先5、软件能够采集网络各大平台的数据，软件后台能够给客户端推送数据的功能6、做过数据采集和数据过滤任职要求：1.本科及以上学历，数学或计算机相关专业优先，3年以上相关工作经验；2.熟练掌握python及某一web开发框架（Django,Tornado优先）；3.熟练掌握mysql/redis/mogodb等数据库的设计与开发；4.拥有成熟爬虫系统开发经验或者APP爬虫经验者优先；5.热爱数据，自我驱动型的伙伴。",1-3年,朝阳区青年路113号6号楼，无界空间查看职位地图,北京,爬虫工程师python,,1人 ,2018/2/23 15:55,15000-25000元/月?,http://jobs.zhaopin.com/CC704081226J00026075410.htm,,本科
况客科技(北京)有限公司 ,http://company.zhaopin.com/CC270522632.htm,数据库管理员,全职,岗位职责：1、负责分布式爬虫系统的设计与开发2、负责技术难点的公关和性能优化3、负责数据的抓取和清洗工作4、根据业务需求实现高效的数据爬取和分析岗位要求：1、有实际的爬虫项目经验2、熟悉Python，Node.js，Java任意一门语言，熟练使用Linux命令3、熟悉常见的爬虫框架，如Scrapy，Pyspider等4、熟悉TCP，HTTP协议，熟悉正则表达式，XPATH，CSS选择器等数据抽取技术5、熟悉常见的反爬虫技巧6、有数据分析，统计学习，分类聚类算法，流处理经验者优先7、具有良好的沟通能力，自我驱动能力,1-3年,北京市朝阳区朝阳北街吉祥里14号佳汇国际中心A座1503,北京,爬虫工程师,,3人 ,2017/12/27 11:36,15000-30000元/月?,http://jobs.zhaopin.com/270522632250008.htm,"五险一金,绩效奖金,包吃,带薪年假,补充医疗保险,定期体检,员工旅游,节日福利",本科
北京原始会投资管理有限公司 ,http://company.zhaopin.com/CC692151022.htm,互联网软件工程师,全职,北京原始会投资管理有限公司（http://www.yuanshihui.com/）岗位职责：1.负责设计和开发分布式网络爬虫系统，进行多平台信息的抓取和分析工作；2.负责网页信息和APP数据抽取、清洗、消重等工作，提升平台的抓取效率；3.参与爬虫核心算法和策略优化，熟悉采集系统的调度策略；4.实时监控爬虫的进度和警报反馈；任职要求：1.熟悉Linux系统，掌握Java、Python、C++等语言；2.了解多线程、多进程、网络通信编程相关知识，有分布式爬虫架构，数据挖掘经验；3.掌握网页抓取原理及技术，了解基于Cookie的登录原理，熟悉基于正则表达式、XPath、CSS等网页信息抽取技术；4.熟悉APP模拟及接口验签破解技术，了解APP用户授权访问机制，掌握Selenium，APP破解技术优先；5.做过数据处理、ETL等相关工作优先。,不限,北京市朝阳区霄云路28号网信大厦A座,北京,python爬虫工程师--金融智能方向,,2人 ,2017/10/31 16:55,15000-30000元/月?,http://jobs.zhaopin.com/692151022250022.htm,"五险一金,餐补,采暖补贴,带薪年假,弹性工作,补充医疗保险,定期体检,节日福利",本科
北京创鑫旅程网络技术有限公司 ,http://company.zhaopin.com/CZ410374020.htm,软件研发工程师,全职,"岗位职责:1.负责蚂蜂窝爬虫程序的开发2.负责网页信息抓取结果的抽取、数据清洗、分类、聚类等研发工作3.负责爬虫平台系统的架构设计与开发以及爬虫核心算法的策略优化研究岗位要求:1.全日制本科及以上，3年以上Python/php开发经验，1年以上数据抓取工作经验;2.熟练掌握爬虫相关技术，包括但不限于Python,Scrapy,Selenium,能够针对有Cookie防范,反抓取策略的页面进行针对性数据抓取;3.熟悉反爬虫策略,并有针对性解决经验;4.熟悉HTML,Javascript等Web前端技术;5.熟悉Mysql,Redis等数据存储相关技术;6.熟悉App抓取优先;",不限,朝阳区酒仙桥北路恒通国际创新园,北京,爬虫工程师/Python爬虫,,1人 ,2018/3/6 17:25,15000-25000元/月?,http://jobs.zhaopin.com/410374026254866.htm,"健身俱乐部,五险一金,股票期权,加班补助,包吃,带薪年假,弹性工作,补充医疗保险",不限
北京弘道智慧中医技术有限公司 ,http://company.zhaopin.com/CC568782139.htm,高级软件工程师,全职,岗位职责：1.负责设计和开发分布式网络爬虫系统，进行多平台信息的抓取和分析工作；2.负责网页信息和APP数据抽取、清洗、消重等工作，提升平台的抓取效率；3.参与爬虫核心算法和策略优化，熟悉采集系统的调度策略；4.实时监控爬虫的进度和警报反馈；任职要求：1.熟悉Linux系统，掌握Python等语言；2.掌握网页抓取原理及技术，了解基于Cookie的登录原理，熟悉基于正则表达式、XPath、CSS等网页信息抽取技术；3.熟悉整个爬虫的设计及实现流程，有从事网络爬虫、网页信息抽取开发经验，熟悉反爬虫技术，有分布式爬虫架构经验；,3-5年,北京市海淀区西四环北路66号，中国技术交易大厦B座19层,北京,爬虫工程师,,1人 ,2017/12/20 10:04,10000-20000元/月?,http://jobs.zhaopin.com/568782139250004.htm,"创业公司,五险一金,绩效奖金,交通补助,餐补,通讯补贴,带薪年假",本科
北京奥德塔数据科技有限公司 ,http://company.zhaopin.com/CZ755372070.htm,软件工程师,全职,"岗位职责：1.熟悉搜索引擎和网络爬虫相关技术,有爬虫系统开发经验；2.熟练掌握网页抓取原理及技术，熟悉网页解析过程，具备数据的过滤、清洗、去重、结构化导入经验；3.熟悉分布式爬虫应用和调度策略，掌握各类网站的反爬机制和验证码机制；4.熟悉TCP/IP协议及HTTP协议,了解基本的前端技术，HTML、CSS、JS、Ajax等；5.熟练使用mysql，mongodb等数据库，熟悉mysql的各种存储引擎，熟悉索引工作原理。任职要求：1、大学本科及以上学历，计算机相关专业，基础扎实；2、Python开发工作经验1年以上，熟悉Python常用函数库和包；3、熟练掌握python，熟悉常用爬虫框架中的一种或多种，熟悉Scrapy、Pyspider框架中的至少一种；4、熟悉Linux；5、熟悉MySql、Redis、MongoDB等数据库，对SQL优化有一定的经验；6、熟悉网页抓取原理及技术，熟练掌握正则表达式、XPath、CSS等网页信息抽取技术；7、具有优秀的团队合作和沟通协作能力，善于学习，能承受较大的工作压力。",1-3年,朝阳区双营路美立方小区3号楼4单元查看职位地图,北京,爬虫工程师,,1人 ,1970/1/1 0:00,10001-15000元/月?,http://jobs.zhaopin.com/CZ755372070J00013531813.htm,"每年多次调薪,五险一金,交通补助,餐补,带薪年假,弹性工作,定期体检,免费班车",本科
北京造数科技有限公司 ,http://company.zhaopin.com/CC479147288.htm,软件工程师,全职,工作职责：1、根据项目需求评估、开发爬虫程序2、维护爬虫集群正常运作3、参与公司内部爬虫系统开发、使用和维护背景要求：1、本科及以上学历2、拥有3年及以上的研发经验3、拥有2年及以上的数据爬取项目经验技能要求：1、有良好的英文阅读能力，能顺利阅读CS相关文档，如RFC、Python标准库文档等2、有良好的代码规范3、熟悉常用网络协议HTTP、DNS等，掌握网络流量分析等技能4、熟悉常用web前端开发语言HTML/CSS/JavaScript等，能进行web页面结构分析5、熟悉并发编程模型,3-5年,北京市朝阳区石佛营路保利东郡129号9号楼D座8层查看职位地图,北京,Python爬虫工程师,,1人 ,2018/3/1 14:05,15000-30000元/月?,http://jobs.zhaopin.com/479147288250014.htm,"创业公司,五险一金,弹性工作,节日福利,股票期权,定期体检",本科
北京顶派国际管理咨询有限公司 ,http://company.zhaopin.com/CC401761134.htm,高级软件工程师,全职,1、开发网上采集数据软件的工程师优先2、软件能够采集网络各大平台的数据，软件后台能够给客户端推送数据的功能3.做过数据采集和数据过滤4.精通JAVA或者Python语言，对NOSQL如MongoDB，Redis有了解5.熟悉数据库Oracle或者SQL任职要求：1.三年以上程序设计工作经验；2.参与过至少一个大型成功项目的开发工作；3.能够使用PHP+MySQL独立开发网站，善于沟通；4.两年以上使用PHP+Mysql编程经验，精通PHP，有PHP项目团队协作案例优先；5.熟悉HTML、javascript、CSS、XML等技术；6.熟练使用MYSQL，有较强的数据库管理和数据库性能利用能力；7.有良好的工作态度与团队合作精神及耐性，责任心强。,3-5年,北京朝阳区中国第一商城查看职位地图,北京,爬虫软件工程师,,1人 ,2017/8/30 10:01,8000-15000元/月?,http://jobs.zhaopin.com/401761134250864.htm,"五险一金,包住",大专
北京斯图飞腾科技有限公司 ,http://company.zhaopin.com/CZ408806830.htm,软件工程师,全职,岗位职责：1）负责开发分布式网络爬虫系统，进行多平台信息的抓取和分析。2）负责网页信息抽取、数据清洗等研发和优化工作。3）负责公司数据仓库平台的ETL分析、设计、开发工作。任职资格：1）2年以上爬虫开发经验。2）熟悉Linux平台开发，精通Python编程。3）精通网页抓取原理及技术，精通正则表达式，从结构化的和非结构化的数据中获取信息。4）熟悉MySQL、Redis、MongoDB等数据库。5）大学本科及以上学历。加分项：1）有数据库调优和海量数据存储经验优先。2）有Solr、ElasticSearch开发经验者优先。3）具有数据挖掘、自然语言处理、信息检索、机器学习背景者优先。,3-5年,"尚都国际中心A座1205查看职位地图北京斯图飞腾科技有限公司该公司其他职位Stratifyd,Inc.总部位于美国南部金融重镇夏洛特，是全球领先的人工智能（AI）数据分析服务提供商。公司有强大的非结构化数据语义分析能力，致力于推进AI在企业数据分析以及商业智能领域的进步。数据分析是一个高难度、耗时间的过程，读懂大数据背后的故事、分享对的故事给对的人则难上加难。我们的人工智能平台则完美解决了这个难题。Stratifyd平台通过整合多个数据源的结构化和非结构化数据，在短时间内呈现出价值非凡的商业见解，同时实现了决策者和管理人员之间的信息无缝传递。",北京,Python爬虫开发工程师,,3人 ,2017/12/29 13:18,15000-25000元/月?,http://jobs.zhaopin.com/CZ408806830J00001457813.htm,"五险一金,员工旅游,弹性工作,股票期权",本科
热酷网,http://special.zhaopin.com/pagepublish/15729531/index.html,高级软件工程师,全职,职位描述：1.负责分布式网络爬虫系统的架构设计与开发，进行各种平台信息的抓取和分析；2.设计爬虫策略和防屏蔽规则，提升网页抓取的效率和质量；3.技术难点攻坚和新人指导任职要求1.熟练掌握Python、Java/Scala、C/C++、PHP、Golang、Javascript中任意一门语言，掌握多门语言者优先；任职要求：1.熟练掌握Python、Java/Scala、C/C++、PHP、Golang、Javascript中任意一门语言，掌握多门语言者优先；2.熟悉Linux开发环境和常用工具，熟悉Linux平台下的网络编程和多线程开发；熟悉HTML，熟悉HTTP协议，熟悉正则表达式网页解析。3.热爱技术专研，特别是爬虫技术，探索未知领域有浓厚兴趣；,3-5年,北京市朝阳区东土城路12号，怡和阳光大厦C座查看职位地图,北京,高级爬虫工程师,,1人 ,2018/1/31 16:09,20000-40000元/月?,http://jobs.zhaopin.com/CC157295310J00021087415.htm,,本科
超对称(北京)科技有限公司 ,http://company.zhaopin.com/CC382513388.htm,软件研发工程师,全职,"岗位职责：1.研究各种网页、app接口，探寻特点和规律2.编写抓取互联网内容的爬虫3.研究优化算法，提升爬虫系统的稳定性、可扩展性4.攻破各种反爬虫任职要求：1.计算机、电子、通信、物理、数学等相关理工科专业；2.有二年以上编程开发经验3.精通Python，掌握爬虫技术，熟悉scrapy框架、pyspider框架等4.有丰富的反爬虫经验者优先5.有数据分析经验者优先6.熟悉至少一种Sql数据库（mysql/postgresql/sqlserver/oracle/db2），了解至少一种Nosql数据库（redis,memcache,mongodb,hbase）7.热爱数据分析，对从数据中发掘出有价值的信息充满热情，踏实、主动，有较强的学习能力。",不限,北京市朝阳区望京SOHOT1C座,北京,爬虫工程师,,1人 ,2018/1/8 17:32,13000-25000元/月?,http://jobs.zhaopin.com/382513388250003.htm,"五险一金,绩效奖金,股票期权,餐补,带薪年假,弹性工作,员工旅游",不限
北京今晨盛辉信息技术有限公司 ,http://company.zhaopin.com/CZ581586530.htm,网络工程师,全职,我们希望您是有验证码破解，模拟登录，反爬，分布式爬虫架构，数据清洗的经验者；参与爬虫系统的架构设计和研发，独立进行多平台信息的抓取和分析，清洗工作；精通爬虫相关技术，如：httpClient/jSoup/xpath/CSS/正则表达式/验证码加密处理/代理池等从结构化和非结构话数据中解析数据同时需要侧重于消息列队，调度算法及集群搭建的经验,3-5年,北京朝阳区保利・国际广场T2-501查看职位地图,北京,爬虫工程师,,2人 ,2018/4/27 10:35,15000-30000元/月?,http://jobs.zhaopin.com/CZ581586530J00042016409.htm,"创业公司,五险一金,交通补助,餐补,全勤奖,节日福利,带薪年假",本科
北京国研网信息有限公司 ,http://company.zhaopin.com/%E5%8C%97%E4%BA%AC%E5%9B%BD%E7%A0%94%E7%BD%91%E4%BF%A1%E6%81%AF%E6%9C%89%E9%99%90%E5%85%AC%E5%8F%B8_CC550879021.htm,高级软件工程师,全职,"岗位职责：1、负责数据平台的数据采集与爬取、解析处理、入库及备份等数据日常工作；2、数据采集工具软件平台的开发、测试工作;3、负责分析新的数据需求,完成数据处理的设计(文档)和实现；4、负责数据的清洗、整理、整合及合并等工作；5、负责数据处理程序设计框架改善,数据处理性能优化,系统数据处理的能力提高；6、负责和数据架构师、数据挖掘、分析人员协同工作,完成数据的统计、查询和分析。任职要求：1、大学本科以上学历，2年以上信息采集相关工作经验，具有与数字出版行业相关的经验优先考虑；2、精通Python或C#语言；3、精通网页抓取原理及技术，精通正则表达式，熟练从结构化和非结构化的数据中获取信息；4、熟悉Ajax工作原理,具备扎实的数据结构与算法功底；5、熟悉常用的反爬虫策略，有开发自动化爬虫框架经验优先，有验证码识别技术者优先；6、熟悉Mysql/MongoDB/Redis，有过数据库调优和海量数据存储经验优先；7、有数据处理和清晰经验，了解Hadoop、Spark等大数据框架和流处理技术者优先；8、理解能力、分析能力强，逻辑思维清晰，条理清楚，具有较强的协调沟通能力，有良好的团队协作意识。",不限,北京市东城区朝内大街甲298号,北京,爬虫开发工程师,,1人 ,2018/4/27 9:19,10000-20000元/月?,http://jobs.zhaopin.com/550879021250184.htm,"五险一金,带薪年假,补充医疗保险,定期体检",不限
北京斯图飞腾科技有限公司 ,http://company.zhaopin.com/CZ408806830.htm,软件工程师,全职,全选java软件工程师/IT互联网+项目提成+奖金北京世普荣新科技有限公司地点：北京.net开发工程师紫光云数科技有限公司地点：北京.Net软件开发工程师嘉信康和(北京)科技有限公司地点：北京微信开发工程师广州易尊网络科技股份有限公司地点：北京JAVA开发工程师北京尚博信科技有限公司地点：北京中高级java开发工程师长城计算机软件与系统有限公司地点：北京人工智能工程师博奥生物集团有限公司地点：北京软件工程师北京恒泰卓诚科技有限公司地点：北京C++软件工程师北京亚太安讯科技股份有限公司地点：北京软件调试工程师北京锋锐新源电驱动科技有限公司地点：北京全选查看更多职位推荐>>,3-5年,全选java软件工程师/IT互联网+项目提成+奖金北京世普荣新科技有限公司地点：北京.net开发工程师紫光云数科技有限公司地点：北京.Net软件开发工程师嘉信康和(北京)科技有限公司地点：北京微信开发工程师广州易尊网络科技股份有限公司地点：北京JAVA开发工程师北京尚博信科技有限公司地点：北京中高级java开发工程师长城计算机软件与系统有限公司地点：北京人工智能工程师博奥生物集团有限公司地点：北京软件工程师北京恒泰卓诚科技有限公司地点：北京C++软件工程师北京亚太安讯科技股份有限公司地点：北京软件调试工程师北京锋锐新源电驱动科技有限公司地点：北京全选查看更多职位推荐>>,北京,Python爬虫开发工程师,,3人 ,2017/12/29 13:18,15000-25000元/月?,http://jobs.zhaopin.com/CZ408806830J00001457813.htm,"五险一金,员工旅游,弹性工作,股票期权",本科
云鸽在线(北京)信息技术有限公司 ,http://company.zhaopin.com/CC583962122.htm,软件研发工程师,全职,要求：1计算机、通信及相关专业本科以上学历2熟练掌握linux环境下的c/c++/python/Shell等1至2中语言3对算法和数据结构有深刻的理解和掌握，扎实的机器学习、数据挖掘理论和技术基础4具备很强的分析和结局问题的能力，对于公关疑难问题具有强烈的兴趣5有搜索或推荐相关系统研究或开发经验，有2年以上的相关工程经验尤佳6注重团队协作，有良好的沟通能力7有移动端和微信抓取经验优先考虑职责：1负责网络和移动端爬虫的开发和维护2负责数据检索系统的开发和维护3用脚本和程序对大规模数据进行处理和分析,不限,北京,北京,爬虫工程师,,1人 ,2018/4/27 9:56,15000-20000元/月?,http://jobs.zhaopin.com/583962122250160.htm,"五险一金,绩效奖金,交通补助,通讯补贴,带薪年假,定期体检,员工旅游,节日福利",不限
中思博安科技(北京)有限公司 ,http://company.zhaopin.com/CZ593748320.htm,其他,全职,职位描述：1.产品爬虫平台架构的设计和优化；2.反爬虫策略研究、代理IP建设；3.海量爬虫数据处理与挖掘。职位要求：1.计算机相关专业本科以上学历，2年以上相关工作经验；2.熟悉Linux，Java基础扎实；熟悉多线程、网络通信编程相关知识；3.研究过HTTP/TCP相关协议；4.精通分布式、缓存、消息等机制，例如：redis、memcached、ActiveMQ、kafka、mongodb；5.有scrapy、webmagic等研发经验优先；6.熟悉分布式系统的设计和应用者优先。,1-3年,北京海淀区西土城路1号蓟门壹号4层,北京,数据工程师（爬虫））,,1人 ,2018/4/27 9:45,30000-35000元/月?,http://jobs.zhaopin.com/593748322250019.htm,"节日福利,周末双休,五险一金,年底双薪,弹性工作,补充医疗保险,定期体检,员工旅游",本科
北京新联财通咨询有限公司,http://special.zhaopin.com/pagepublish/13375531/index.html,软件工程师,全职,岗位职责简述：1、爬虫系统开发和优化，网页信息抽取等算法的研究和优化；2、文档识别和提取；3、互联网数据的采集开发。岗位要求：1、3年以上python开发经验，熟悉Linux操作系统;2、掌握python语言，有scrapy或者其他爬虫开发经验；3、熟悉网页抓取原理及技术，熟悉基于Cookie的网站登录原理，熟悉基于正则表达式、Xpath、CSS等网页信息抽取技术；4、有全站爬虫开发经验优先。,3-5年,北京市东城区天坛东路9号院,北京,高级Python开发工程师（爬虫）,,1人 ,2018/4/20 12:02,10001-15000元/月?,http://jobs.zhaopin.com/133755311250902.htm,"五险一金,绩效奖金,全勤奖,交通补助,餐补,带薪年假,节日福利",本科
北京远浪信息技术有限公司 ,http://company.zhaopin.com/CZ392875830.htm,软件研发工程师,全职,工作职责：1.设计和开发分布式网络爬虫系统，进行多平台信息的抓取和分析；2.网页信息抽取、数据清洗等研发和优化工作；3.抓取数据的深度提取和挖掘。岗位要求：1.有扎实的java开发基础，或者实践经验，对熟悉爬虫工具2.熟悉SSH等主流开源框架3.熟悉MySQL或同类关系型数据库4.熟悉httpclient、jsoup、webdriver、htmlunit、Nutch、selenium等技术。5.有MongoDB等非关系型数据库相关经验的优先考虑6.有Solr或其他Lucence相关经验的优先考虑7.精通Javascript相关开发的优先考虑,3-5年,望京查看职位地图,北京,java工程师（爬虫方向）,,5人 ,2018/4/20 11:24,10000-15000元/月?,http://jobs.zhaopin.com/CZ392875830J00034974415.htm,"周末双休,五险一金,绩效奖金,加班补助,餐补,节日福利",本科
北京汇游科技有限公司 ,http://company.zhaopin.com/CC305388985.htm,网络工程师,全职,"岗位职责：Python研发工程师岗位职责：岗位职责：1、负责产品需求分析，能对产品的原始需求做总结分析，提供技术解决方案2、完成服务端程序代码开发及代码审核、质量控制3、对所开发的功能进行测试并建立和完善开发文档4、持续重构与维护组件保持可用性和稳定性任职要求：1、熟悉面向对象的设计思想，熟悉SOA架构思想尤佳2、精通Python语言，熟练使用Python标准库和流行的第三方库3、熟悉Tornado/Flask/Gevent/Django等常用开发框架，至少有其中一个的最佳实践或深入研究过其源码及机制4、熟悉TCP/IP协议及HTTP协议,了解基本的前端技术，HTML、CSS、JS、Ajax等熟练使用mysql，熟悉mysql的各种存储引擎，熟悉索引工作原理，有丰富的mysql性能优化经验5、熟悉以下主流服务器端开源系统或者其中一部分：Redis/MongoDB/RabbitMQ/Memcache/Nginx6、对代码和设计质量有严格要求，重视CodeReview，知道良好的编程习惯的标准7、具备强烈的责任心，对工作有激情，良好的沟通能力，良好的团队合作精神，能够承受一定的工作压力",3-5年,北京市朝阳区红军营南路天溪园30号安鑫办公2层F2-32,北京,Python研发工程师 爬虫,,5人 ,2018/4/26 9:44,15001-20000元/月?,http://jobs.zhaopin.com/305388985250014.htm,"五险一金,全勤奖,交通补助,餐补,通讯补贴,定期体检,员工旅游,节日福利",本科
爱笔(北京)智能科技有限公司 ,http://company.zhaopin.com/CZ608902430.htm,软件研发工程师,全职,工作职责l按照需求抓取文本、图像或视频数据；l设计合理高效的存储结构，提供算法训练使用。任职要求l熟悉Linux系统，掌握Python等语言；l熟悉http协议，能够进行html内容分析；l有爬虫经验者优先；l熟悉分布式系统并且有实践经验者优先，如Hadoop、Spark。,1-3年,海淀区上地三街9号嘉华大厦B1201查看职位地图,北京,爬虫开发工程师,,1人 ,2018/4/10 21:43,25000-50000元/月?,http://jobs.zhaopin.com/CZ608902430J00023300210.htm,"股票期权,弹性工作,五险一金",本科
天创信用服务有限公司 ,http://company.zhaopin.com/CC273516933.htm,软件研发工程师,全职,岗位职责：1、参与爬虫架构设计和研发2、参与爬虫核心算法和策略优化研究3、网站爬虫的书写任职要求：1、熟悉多线程、多进程、网络通信编程相关知识2、熟悉JS，ajax，浏览器开发工具3、能够总结分析不同网站，网页的结构特点及规律4、有分布式、垂直领域爬虫开发经验优先5、有逆向、验证码识别、图像处理、机器学习经验优先6、有dubbo、rocketmq、zookeeper、hbase经验优先7、熟悉正则表达式，用于从各种网络结构化和非结构化数据中抽取有用的信息；8、优秀的分析问题和解决问题的能力，对解决具有挑战性问题充满激情9、良好的团队合作精神，较强的沟通能力没有爬虫经验没关系但是要对爬虫感兴趣我们有专人带,1-3年,北京市朝阳区广渠路66号院8号楼百环青创大厦2层205室,北京,网络爬虫开发工程师,,1人 ,2018/4/3 17:32,12000-18000元/月?,http://jobs.zhaopin.com/273516933250123.htm,"节日福利,14薪,五险一金,年底双薪,带薪年假,补充医疗保险,定期体检,员工旅游",本科
北京国信宏数科技有限责任公司 ,http://company.zhaopin.com/CC342083885.htm,Java开发工程师,全职,"岗位职责：1.编写抓取互联网内容的爬虫，重点难点爬虫技术攻关2.参与爬虫系统的架构设计与开发3.多来源数据融合4.根据业务需求实现高效的数据爬取和分析任职要求：1.国家全日制本科以上学历2.熟悉Java语言，熟练使用Linux命令3.精通网页抓取原理及技术，精通正则表达式，XPATH，CSS选择器等数据抽取技术4.熟悉常见的爬虫框架，和反爬虫技巧5.二年以上爬虫开发经验6.有实际的爬虫项目经验，有网络爬虫、网页去重、网页信息抽取，多线程等相关经验；7.熟悉使用至少一种关系型数据库（MYSQL)等，熟悉NOSQL、hbase、mongo,kafka,activemq技术者优先8.最少会一种网络数据包抓取和分析工具，知道如何抓包和分析目标抓取对象的数据请求方式9.具有良好的沟通能力，以解决技术难题为乐趣；",1-3年,北京市海淀区学院南路15号北发大厦D座9层查看职位地图,北京,中级爬虫开发工程师,,1人 ,2018/4/8 14:56,10001-15000元/月?,http://jobs.zhaopin.com/CC342083885J00027494213.htm,"五险一金,员工旅游,节日福利,带薪年假,定期体检,14薪,年终分红",本科
知为文化传媒(北京)有限公司 ,http://company.zhaopin.com/CC400309036.htm,数据库开发工程师,全职,"岗位职责：1.负责爬虫平台系统的架构设计与开发；2.负责爬虫核心算法的策略优化研究；3.分析静态网页结构，完成数据采集爬取、解析提取，对数据进行过滤，去重，清洗，结构化处理，数据入库等工作。任职要求：1.本科学历，计算机相关专业，2-3年以上java开发经验；2.java基础扎实，熟悉tcp，http协议原理，ajax工作原理；精通Java编程，具备扎实的数据结构与算法功底；3.熟悉网页抓取原理及技术，能熟练使用常用爬虫技术框架，能够针对有Cookie防范,反抓取策略的页面进行针对性数据抓取;4.熟悉搜索引擎和个性化相关的机器学习算法相关技术，精通主流分词算法、分类、提取摘要、大规模网页聚类、索引、检索等相关开发经验者优先；5.逻辑思维清晰，能承受一定工作压力，有良好的团队协作能力。",1-3年,北京市朝阳区酒仙桥路751园区查看职位地图,北京,爬虫/数据工程师,,1人 ,2018/4/12 13:02,10001-15000元/月?,http://jobs.zhaopin.com/CC400309036J00025997812.htm,"五险一金,餐补,绩效奖金",本科
济南明和中业信息技术有限公司 ,http://company.zhaopin.com/CC351290426.htm,高级软件工程师,全职,1、熟悉行为验证码识别、模拟登陆、数据清洗、去重、入库等；2、精通爬虫相关技术，如：httpClient/Beautifulsoup/xpath/CSS/正则表达式/代理池等；3、熟悉Scrapy，pyspider或其他Python爬虫框架；4、负责爬虫体系建设；5、参与爬虫系统的架构设计和研发，独立进行多平台信息的抓取和分析，清洗工作；6、热爱技术专研，特别是爬虫技术，探索未知领域有浓厚兴趣；7、扎实的数据结构和算法功底，有快速迭代、逐步优化的工程项目经验；8、有企业工商信息抓取相关经验的优先；9、有舆情经验优先,3-5年,北京市西城区白广路4号钢设总院2层B区223查看职位地图,北京,爬虫高级工程师,,1人 ,2018/4/26 13:34,15000-25000元/月?,http://jobs.zhaopin.com/CC351290426J00101035003.htm,"创业公司,交通补助,餐补,通讯补贴,五险一金,绩效奖金",本科
优讯时代(北京)网络技术有限公司 ,http://company.zhaopin.com/CZ312430610.htm,Java开发工程师,全职,"岗位职责：1、负责设计和开发分布式网络爬虫系统，进行多平台信息的抓取和分析，主要针对微博、新闻、论坛、微信采集；2、负责网页信息抽取、数据清洗等研发和优化工作；3、负责抓取数据的深度提取和挖掘。任职要求：1.计算机、通信及相关专业本科以上学历，精通Java，2年以上Java爬虫开发经验,具有良好的编码习惯；2.精通多线程、多进程、网络通信编程相关知识；3.熟练应用javaweb开发相关技术，必须掌握jsp、servlet、springMVC、Mybatis、easyui,jquery和ICE框架，熟练使用jsoup、httpclient、htmlunit、htmlparser和htmlcleaner等工具包。4.熟悉网页抓取原理，熟悉基于Cookie的网站登录原理，熟练基于正则表达式、XPath、CSS等网页信息抽取技术；5.熟练MySQL、Redis、Hadoop、Hbase,熟悉NoSQL技术者优先；6.熟悉分布式爬虫架构，数据挖掘经验优先。",3-5年,北京市海淀区中关村软件园互联网创新中心五层,北京,Java爬虫开发工程师,,1人 ,2018/4/26 9:21,10001-15000元/月?,http://jobs.zhaopin.com/312430612251179.htm,,本科
永盛志远科技集团有限公司 ,http://company.zhaopin.com/CC336172833.htm,软件工程师,全职,任职要求：1.大学本科及以上学历，计算机相关专业，基础扎实；2.Python开发工作经验1年以上，熟悉Python常用函数库和包；3.熟练掌握python，熟悉常用爬虫框架中的一种或多种，熟悉Scrapy、Pyspider框架中的至少一种；4.熟悉Linux；5.熟悉MySql、Redis、MongoDB等数据库，对SQL优化有一定的经验；6.熟悉网页抓取原理及技术，熟练掌握正则表达式、XPath、CSS等网页信息抽取技术；7.具有优秀的团队合作和沟通协作能力，善于学习，能承受较大的工作压力。,不限,北京市大兴区亦庄经济开发区永昌南路嘉捷企业汇A座9层,北京,Python爬虫工程师,,1人 ,2018/3/12 14:26,20001-30000元/月?,http://jobs.zhaopin.com/336172833250364.htm,"节日福利,五险一金,交通补助,通讯补贴,带薪年假",不限
北京贝虎机器人技术有限公司 ,http://company.zhaopin.com/CC298934780.htm,软件研发工程师,全职,岗位职责：1、编写抓取互联网内容的爬虫；2、参与爬虫系统的架构设计与开发；3、负责数据的抓取和清洗工作；4、根据业务需求实现高效的数据爬取和分析。岗位要求：1、计算机相关专业本科以上学历，能承受一定工作压力，具有良好的沟通能力，以解决技术难题为乐趣；2、有实际的爬虫项目经验，有网络爬虫、网页去重、网页信息抽取相关经验；3、熟悉Python，Node.js，Java任意一门语言，熟练使用Linux命令；4、精通网页抓取原理及技术，精通正则表达式，XPATH，CSS选择器等数据抽取技术；5、熟悉常见的爬虫框架，如Scrapy，Pyspider等；6、熟悉常见的反爬虫技巧；7、有数据分析，统计学习，分类聚类算法，流处理经验者优先；8、熟悉使用至少一种关系型数据库（MYSQL)等，熟悉NOSQL、hbase技术者优先；9、最少会一种网络数据包抓取和分析工具，知道如何抓包和分析目标抓取对象的数据请求方式。,不限,北京市海淀区上地开拓路17号时代大厦A座西门3层,北京,爬虫工程师,,1人 ,2018/3/14 11:19,15001-20000元/月?,http://jobs.zhaopin.com/298934780250077.htm,"股票期权,餐补,弹性工作,五险一金",本科
玖富金科控股集团有限责任公司,http://special.zhaopin.com/pagepublish/17841871/index.html,高级软件工程师,全职,岗位职责：1.负责设计和开发分布式，多线程网络爬虫应用，包括调度、抓取、入库等内容，进行多平台信息的抓取和分析工作；2.实现海量数据的抓取、抽取，去重、分类，垃圾过滤，质量识别、解析，整理入库等工作；3.参与爬虫核心算法和策略优化，熟悉采集系统的调度策略；4.实时监控爬虫的进度和警报反馈；5.会用NLP/MachineLearning等技术构建高可用数据模型者优先。任职要求：1.全日制本科及以上学历，计算机相关专业，有2年以上的爬虫开发经验；2.掌握网络爬虫开发原理，对互联网各种类型数据交互模式熟悉，知道如何处理需登录、验证码、动态网页等各种情况下的数据采集方法；3.熟悉Linux系统，至少熟练掌握Python/Java/C++其中一种语言，http协议、Jsoup、JavaScript、正则表达式；4.熟悉MySql、Oracle、MongoDB一种或多种数据库开发技术，有较好的数据库设计能力；5.逻辑思维清晰，做事有条理，具备较好的数据分析能力和解,不限,北京市朝阳区阜通东大街1号院望京soho塔三40层,北京,爬虫工程师,,3人 ,0002-01-01 00:00:00,20001-30000元/月?,http://jobs.zhaopin.com/178418716256169.htm,"14薪,每年多次调薪,五险一金,年底双薪,绩效奖金,加班补助,补充医疗保险,节日福利",本科
蛋壳公寓 ,http://company.zhaopin.com/CC274754284.htm,其他,全职,"岗位职责：1.负责大型数据爬虫系统的架构开发及策略迭代；2.支持算法引擎的维护优化，基于R和python实现后端算法产品；3.参与在线服务数据平台的开发与维护。任职要求：1.本科及以上学历，数学或计算机相关专业优先，3年以上相关工作经验；2.熟练掌握python及某一web开发框架（Django,Tornado优先）；3.熟练掌握mysql/redis/mogodb等数据库的设计与开发；4.拥有成熟爬虫系统开发经验或者APP爬虫经验者优先；5.热爱数据，自我驱动型的伙伴。",3-5年,东城区朝阳门内大街8号朝阳首府2层212,北京,python爬虫工程师,,5人 ,2018/2/5 16:54,20000-40000元/月?,http://jobs.zhaopin.com/274754284250854.htm,"五险一金,绩效奖金,交通补助,餐补,房补,通讯补贴,带薪年假,节日福利",本科
北京天宇威视科技股份有限公司 ,http://company.zhaopin.com/P3/CC1850/9792/CC185097921.htm,Java开发工程师,全职,"岗位职责：1、负责设计和开发分布式网络爬虫系统，进行多平台信息的抓取和分析，开放爬虫服务；2、负责网页信息抽取、数据清洗等研发和优化工作；3、负责抓取数据的深度提取和挖掘。任职要求：1.计算机、通信及相关专业本科以上学历，精通Java，1年以上Java爬虫开发经验,具有良好的编码习惯；2.精通多线程、多进程、网络通信编程相关知识；3.熟练应用javaweb开发相关技术，必须掌握jsp、servlet、springMVC、Mybatis、easyui,jquery和ICE框架，熟练使用jsoup、httpclient、htmlunit、htmlparser和htmlcleaner等工具包；4.熟悉网页抓取原理，熟悉基于Cookie的网站登录原理，熟练基于正则表达式、XPath、CSS等网页信息抽取技术；5.熟练MySQL、Oracle、Redis、mongodb,熟悉memcache、redis、mongodb等缓存；6.熟悉分布式爬虫架构，数据挖掘经验优先；7.熟练操作Linux等操作系统,熟悉mysql、redis，nosql等,熟悉Internet基本协议（如TCP/IP.HTTP等）；8.有Python项目开发经验者优先；9.热爱技术，对技术有不懈的追求；10.具备良好的沟通协作能力、团队合作精神。",不限,北京市海淀区西北旺东路10号院东区15号楼B座108室,北京,Java爬虫开发工程师,,1人 ,2018/4/26 18:28,6001-8000元/月?,http://jobs.zhaopin.com/185097921251137.htm,"周末双休,五险一金,年底双薪,绩效奖金,通讯补贴,餐补,节日福利,员工旅游",不限
北京睿柏科技有限公司 ,http://company.zhaopin.com/CZ482279780.htm,软件工程师,全职,"任职要求：1.负责设计、开发、维护大数据分析处理相关的软件产品和模块，开发主要使用语言为Java、python；2.搭建数据采集平台，建立爬虫系统，通过对数据的抓取、解析、调度、存储等模块的拆分与优化，构建和完善统一的抓取服务平台；3.负责网页信息抽取等核心算法的研究和优化；4.负责重点目标站点的结构与URL特点分析，负责垂直领域与定向网站的数据采集、维护及数据异常的跟踪处理,用脚本和程序对大规模数据进行处理和分析。任职资格：1.1年以上开发经验，有较丰富的爬虫系统开发经验；2.本科及以上学历，计算机相关专业；3.精通/java/c++/python其中一种语言，熟悉linux平台;4.能够解决封账号、封IP采集等问题，具备一定的反屏蔽能力；5.了解大数据生态体系，有数据分析、挖掘等相关领域开发经验者优先。",1-3年,朝阳区小庄6号院1号楼纽约豪园A座（近10号线金台夕照地铁站）查看职位地图,北京,爬虫工程师,,1人 ,2018/4/26 10:31,10001-15000元/月?,http://jobs.zhaopin.com/CZ482279780J00041019410.htm,,本科
欣丰卓群科技(北京)有限公司 ,http://company.zhaopin.com/%E6%AC%A3%E4%B8%B0%E5%8D%93%E7%BE%A4%E7%A7%91%E6%8A%80%28%E5%8C%97%E4%BA%AC%29%E6%9C%89%E9%99%90%E5%85%AC%E5%8F%B8_CC150383613.htm,软件工程师,全职,岗位职责：1、负责爬虫spider的核心技术研究和开发2、研究各种网站、网页、链接的形态，发现它们的特点和规律3、设计各种策略和算法，提升spider的抓取效果4、分析spider的技术缺陷，对spider做出合理地调整或改进5、负责spider系统的升级和维护任职要求：1、1年或以上spider方向工作经验2、热爱互联网，对搜索技术、探索未知领域有浓厚的兴趣3、优秀的分析问题和解决问题的能力，对解决具有挑战性问题充满激情4、熟练掌握C/PHP/PERL/PYTHON等1至2种语言，熟悉linux平台、shell编程5、对数据结构和算法设计有较为深刻的理解6、具有良好的沟通能力，和良好的团队合作精神有以下经历的优先：-抓取调度和抓取行为反馈-互联网特征挖掘-Spider系统架构,1-3年,北京市昌平区北清路1号院珠江摩尔国际5号楼2单元805室查看职位地图,北京,爬虫工程师,,2人 ,2018/4/2 10:47,6001-8000元/月?,http://jobs.zhaopin.com/CC150383613J00027177711.htm,"餐补,房补,通讯补贴,弹性工作,员工旅游,节日福利",本科
北京版全家科技发展有限公司 ,http://company.zhaopin.com/CC481423837.htm,Java开发工程师,全职,"岗位职责：1.参与软件产品和项目的工程实施工作；2.参与需求分析、概要设计、详细设计、代码开发、单元测试、系统测试等软件过程；3.参与编写各类技术文档。任职要求：1.3年以上java开发经验，精通java语言，有良好的代码风格、经常性的重构代码2.熟悉java多线程、网络编程。3.熟悉分布式系统开发与设计，熟练使用springcloud、springboot、springmvc等4.熟练使用关系型数据库（oracle、mysql）和nosql数据库（MongoDB、Redis）等5.熟练使用git、gitlab等代码管理工具，熟悉Tomcat,Jetty,Nginx等开源服务器。6.了解缓存，消息等开源框架7.熟练操作Linux等操作系统8.热爱技术，对技术有不懈的追求；具备良好的沟通协作能力、团队合作精神。9.有网络爬虫经验、图片搜索、搜索引擎（solr,ES）、自然语言处理文本聚类等经验者更佳",5-10年,中国北京市海淀区北四环西路9号院银谷大厦12B层01-09室,北京,爬虫工程师（java）,,3人 ,2018/4/17 15:52,15000-30000元/月?,http://jobs.zhaopin.com/481423837250244.htm,"节日福利,五险一金,绩效奖金,带薪年假,弹性工作,周末双休,餐补",大专
北京云动九天科技有限公司 ,http://company.zhaopin.com/CC331039285.htm,软件工程师,全职,岗位职责：1.负责分布式抓取平台的核心技术研发；2.不断完善和重构现有爬虫系统，通过对抓取、解析、调度、存储等模块的拆分与优化，构建和完善统一的抓取服务平台；3.设计爬虫策略与算法，提升抓取效果。任职要求：1.本科及以上学历，计算机相关专业；2.3年以上开发经验，有较丰富的爬虫系统开发经验；3.精通/java/c++/python其中一种语言，熟悉linux平台;4.对数据结构和算法设计有较为深刻的理解;5.有大型爬虫系统研发经验者优先；具有搜索相关技术研发经验者优先；6.有大型互联网公司工作经验者优先。,3-5年,北京市东城区安定门内国子监箭厂胡同22号雍和别墅,北京,爬虫工程师,,1人 ,2018/4/8 11:59,15000-25000元/月?,http://jobs.zhaopin.com/331039285250064.htm,"五险一金,绩效奖金,股票期权,包吃,弹性工作,定期体检,员工旅游,节日福利",本科
北京找我翻译有限公司 ,http://company.zhaopin.com/CC245373488.htm,脚本开发工程师,全职,岗位描述：由公司指定爬取网址，及任务要求，双方商量报价约定完成时间，协商一致后，开始研发工作。爬虫研发完成后发送截图，确认效果，我方支付相应工资报酬，并进行测试，如有BUG，后续修修改。岗位职责：1、对指定网站进行数据抓取，清洗以及汇总的开发工作。2、互联网网站，网页，链接的特征挖掘。3、负责系统日常运营资源调度优化及运营指标分析调优，并能实时监控爬虫的进度和警报反馈。4、负责特殊网页采集任务的分析及采集方案设计。任职要求：1.数学，统计，计算机相关专业本科以上学历2.熟悉Python以及数据分析相关工具，了解Shell3.熟悉SQL语言，追求SQL性能，熟悉MySQL、MongoDB等4.熟悉Hadoop、数据仓库、Spark等大数据技术者优先工作地点：不限，按时完成任务即可。,不限,不限查看职位地图,北京,python爬虫工程师可兼职,,5人 ,2018/4/21 14:32,6001-8000元/月?,http://jobs.zhaopin.com/CC245373480J00030938612.htm,,不限
深圳派鲜科技有限公司 ,http://company.zhaopin.com/CC600605824.htm,数据库开发工程师,全职,我们正在苦苦寻找的你将参与：1.运用爬虫平台和工具，编写相应JS规则，进行互联网相关信息的抓取和处理；2.运用Python针对海量数据进行清洗及管理；3.协调爬虫生产任务规划和进展，负责爬取站点、爬虫规则的拓展与管理。我们希望你具备以下能力：1、计算机、信息技术或相关专业本科或以上学历，英文四级以上；2、3-5年以上软件开发或软件管理经验；3、熟悉JS语言或Python语言（至少其一），有项目开发经验，能够独立分析解决问题4、熟悉爬虫技术，熟悉web前端技术，熟悉基础的网络通信协议；5、具有数据处理经验的优先；6、优秀的沟通能力，有创新精神，乐于接受挑战，能承受工作压力；7、具有很强的分析和解决问题的能力，攻克难题的强烈兴趣，善于学习。,3-5年,海淀区北四环西路66号查看职位地图,北京,数据爬虫工程师,,1人 ,2018/4/25 15:32,8000-11000元/月?,http://jobs.zhaopin.com/CC600605824J00084311307.htm,"周末双休,免费班车,节日福利,带薪年假,五险一金",本科
北京艾漫数据科技股份有限公司 ,http://company.zhaopin.com/%E5%8C%97%E4%BA%AC%E8%89%BE%E6%BC%AB%E6%99%BA%E6%B1%87%E7%A7%91%E6%8A%80%E6%9C%89%E9%99%90%E5%85%AC%E5%8F%B8_CC465816918.htm,高级软件工程师,全职,"岗位职责：1.对指定的多个网站的网页进行网页抓取、数据的提取、清洗、入库2.对匹配、同步等后台守护程序进行性能优化等3.负责特殊网页采集任务的分析及采集方案设计任职资格：1.两年以上JAVA开发经验,熟悉多线程、多进程、网络通信编程相关知识2.精通网页抓取原理及技术，精通正则表达式，从结构化的和非结构化的数据中获取信息3.能够总结分析不同网站，网页的结构特点及规律；4.有分布式爬虫架构经验优先；5.有社交媒体/新闻/垂直领域爬虫开发经验优先；",3-5年,北京市酒仙桥北路甲10号电子城・IT产业园201号楼E门2层查看职位地图,北京,爬虫工程师/高级爬虫工程师,,1人 ,2018/3/30 14:42,12000-18000元/月?,http://jobs.zhaopin.com/465816918250186.htm,"五险一金,绩效奖金,餐补,通讯补贴,带薪年假,定期体检,员工旅游,节日福利",本科
北京精准沟通传媒科技股份有限公司 ,http://company.zhaopin.com/P9/CC1485/7408/CC148574083.htm,软件工程师,全职,岗位职责：1、负责爬虫系统的核心技术研究、架构设计、系统规划；2、负责爬虫核心算法的策略优化，提升网页抓取的效率和质量；3、负责分布式网络爬虫研发，通过对抓取、解析、调度、存储等模块的拆分与优化，形成具有特色的定向爬虫引擎，持续改进与迭代完善，推进开放服务建设;4、不断满足精细化运营需求，在保证抓取系统不断前进的基础上，完成日常抓取与解析任务，对数据的稳定性负责。5、研究各种网页、微信、app接口，实现多通道抓取；6、负责网页信息抽取、数据清洗，构建数据分析与挖掘体系，研发数据挖掘类产品与应用，负责海量数据的分析挖掘。任职要求：1、熟悉Python/C++/Java三种编程语言中的至少一种，熟悉爬虫方向开发和应用；2、熟悉网络编程、熟悉多线程机制、有过SocketHTTP网络编程项目经验，具有爬虫系统框架设计能力，以及爬虫项目规划能力；3、熟悉HTML，熟练正则、XPath等Web信息提取技术；4、熟悉常见的加解密算法及其原理，具有大型web登录分析和搜索相关技术研发经验者优先；5、熟悉多线程编程，有高并发分布式服务器开发经验优先；6、熟悉Mysql，redis，mongdb三者至少之一，有过数据库调优和海量数据存储经验优先；7、具有数据挖掘、自然语言处理、信息检索、机器学习背景者优先。8、具备良好的沟通能力、对数据的渴望、敏锐的判断、坚韧不拔、团队精神。,1-3年,北京市海淀区知春路63号中国卫星通信大厦东塔3层（知春里地铁站B出口）,北京,爬虫工程师,,1人 ,2018/4/26 9:39,10000-20000元/月?,http://jobs.zhaopin.com/148574083250449.htm,"五险一金,绩效奖金,股票期权,全勤奖,餐补,带薪年假",本科
北京数字传奇网络科技有限公司 ,http://company.zhaopin.com/CC666143882.htm,其他,全职,"【职位描述】1.负责公司分布式爬虫系统和数据采集系统的设计、开发。2.研究爬虫策略和防屏蔽规则，提升网页抓取的效率和质量。3.负责网络爬虫采集规则的编写；4.负责各类互联网数据的采集抓取和清洗。5.跟踪业界最新数据抓取技术并应用【职位要求】1.3年+以上实际的爬虫项目经验；2.熟悉爬虫系统的设计及实现流程；3.熟悉java,掌握python,熟悉常用爬虫框架中的一种或多种，如Scrapy框架或其他的Webscrapingframework；4.熟悉HTML/JavaScript/CSS/xpath/url/Ajax/xml等web技知识,熟悉HttpClient、jsoup、WebDriver、phantomjs等工具;5.熟悉linux系统，熟悉Internet基本协议（如TCP/IP.HTTP等）6.能够解决封账号、封IP采集等问题,解决网页抓取、数据清洗、信息抽取等问题,构建完善的网络信息收集平台;7.有分布式爬虫架构经验者优先；8.有数据分析、数据挖掘相关经验者优先。9.具备团队协作精神；",3-5年,北京市朝阳区将台乡驼房营路8号新华科技大厦21层2106室,北京,爬虫工程师,,1人 ,2018/4/24 13:29,15001-20000元/月?,http://jobs.zhaopin.com/666143882250015.htm,"周末双休,五险一金,年终分红,交通补助,餐补,带薪年假,弹性工作,补充医疗保险",本科
天江智媒科技(北京)有限公司 ,http://company.zhaopin.com/CC563433538.htm,软件工程师,全职,岗位职责：1、负责设计和开发分布式网络爬虫系统，进行多平台（网站、微信、微博、App）信息的抓取和分析；2、设计爬虫策略和防屏蔽规则，提升抓取的效率和质量；3、主导爬虫核心算法的设计和策略优化研究；4、实现大规模文本、图像、视频数据的抓取及数据清洗工作；5、与大数据工程师对接，完成实时数据与离线数据的爬取与对接。任职要求：1、计算机相关专业本科（全日制统招）及以上学历，三年以上工作经验，具有两年以上实际爬虫开发、内容提取工作经验；2、熟练掌握网络编程与多线程编程，深入了解TCP/IP/Http和web登录认证机制；3、熟悉APP模拟登陆与模拟点击与数据爬取与破解分析APPAPI请求，进行模拟API点击4、熟练掌握Java或Python，具有3年及其以上的Java或Python开发经验；5、熟悉MySQL，Redis，MongDB三者至少之一，有过数据库调优和海量数据存储经验者优先；6、掌握简单的验证码识别技术、Ajax网页采集技术以及爬虫高并发技术，流式处理经验者优先；7、掌握多种解析工具，如Casperjs、PhantomJS、Selenium、Jsoup、Xpath等。8、很强的学习、分析和解决问题能力，良好的团队意识和协作精神，有较强的内外沟通能力；9、有微信、微博及APP抓取经验者优先。,3-5年,北京市西城区德胜门外大街83号德胜国际中心B座5层,北京,爬虫工程师,,1人 ,2018/4/8 13:01,10000-16000元/月?,http://jobs.zhaopin.com/563433538250030.htm,"五险一金,绩效奖金,通讯补贴,带薪年假,定期体检",本科
美通社 ,http://company.zhaopin.com/%E7%BE%8E%E9%80%9A%E7%A4%BE%EF%BC%88%E4%BA%9A%E6%B4%B2%EF%BC%89_CC181872028.htm,Java开发工程师,全职,岗位职责：1、编写抓取互联网内容的爬虫；2、参与爬虫系统的架构设计与开发；3、负责数据的抓取和清洗工作；4、根据业务需求实现高效的数据爬取和分析。任职要求：1、计算机相关专业本科以上学历，能承受一定工作压力，具有良好的沟通能力，以解决技术难题为乐趣；2、有实际的爬虫项目经验，有网络爬虫、网页去重、网页信息抽取相关经验；3、熟悉Java语言，熟练使用Linux命令；4、精通网页抓取原理及技术，精通正则表达式，XPATH，CSS选择器等数据抽取技术；5、熟悉常见的爬虫框架，和反爬虫技巧；6、有数据分析，统计学习，分类聚类算法，流处理经验者优先；7、熟悉使用至少一种关系型数据库（MYSQL)等，熟悉NOSQL、hbase技术者优先；8、最少会一种网络数据包抓取和分析工具，知道如何抓包和分析目标抓取对象的数据请求方式。,3-5年,（总部）北京市朝阳区建国路108号海航实业大厦704A-705室,北京,爬虫工程师（java）,,1人 ,2018/4/24 10:09,15000-25000元/月?,http://jobs.zhaopin.com/181872028250910.htm,"节日福利,五险一金,绩效奖金,交通补助,带薪年假,弹性工作,补充医疗保险,定期体检",本科
北京多来点信息技术有限公司 ,http://company.zhaopin.com/CC579054327.htm,网络工程师,全职,"岗位职责：1.分布式爬虫系统和数据采集的设计、开发；2.爬虫策略和防屏蔽规则，提升网页抓取的效率和质量；3.各类互联网数据的采集抓取；4.理解系统数据处理流程以及业务功能需求；岗位要求：1.一年以上实际的爬虫项目经验；2.熟悉java,掌握python,熟悉常用爬虫框架中的一种或多种，如Scrapy框架或其他的Webscrapingframework；3.熟悉HTML/JavaScript/CSS/xpath/url/Ajax/xml等web技知识。行业标杆，高速成长，团队活跃，平台广阔，交通便利！前景，专注于本地生活的广泛领域――餐饮O2O；晋升，广阔的职业发展空间，越努力你就越幸运；氛围，那是年轻人的世界，公司营造各种交流机会；环境，舒适高大上的办公环境，西直门地标建筑，没有雾霾还可看见西山落日。哗啦啦（www.hualala.com）期待你的加入！",不限,北京西直门西环广场T1-8/22层,北京,爬虫工程师,,1人 ,2018/4/16 18:24,20001-30000元/月?,http://jobs.zhaopin.com/579054327250304.htm,"节日福利,周末双休,五险一金,年底双薪,带薪年假,弹性工作",不限
华研数据股份有限公司 ,http://company.zhaopin.com/CC446855433.htm,软件工程师,全职,职位描述：1.负责若干来源的新闻文本爬取2.负责若干来源的图表数据爬取3.尽可能的应对反爬：封ip、封账号、验证码等4.清洗数据5.负责制定爬取策略，以及部署实施任职条件：1.211、985全日制统招本科及以上学历2.掌握大多数语言（python为必须，附带了爬虫、scrapy、tensorflow、django、flask加分）3.仍愿意钻研先进技术，写高质量高效代码4.理解oo是一种哲学而不是编程技巧,1-3年,北京市西城区西单北大街西单国际大厦8层822查看职位地图,北京,爬虫工程师,,1人 ,2018/4/9 10:50,8000-16000元/月?,http://jobs.zhaopin.com/CC446855433J00028836911.htm,"五险一金,年底双薪,餐补,交通补助,通讯补贴,带薪年假,节日福利",本科
北京爱狄特信息科技有限公司,http://special.zhaopin.com/pagepublish/36594932/index.html,软件工程师,全职,工作职责：1、负责部门内产品研发，按时、保质保量地完成产品开发；2、对一些重大的产品开发和重大问题做到第一时间进行攻坚活动；3、分析业务需求，完成设计和功能开发；负责部门的数据采集工作；职位要求：1.计算机相关专业，本科及以上学历，3年以上使用J2EE开发经验2.JAVA基础和数据结构扎实，理解IO、多线程、状态机等基础框架，对JVM原理有一定的了解；3.熟练掌握Spring、SpringMVC、Mybatis、SOA服务框架等原理和实现机制；4.熟悉SQL，了解Mysql、Oracle或Sqlserver等数据库，对主流NoSQL数据库Redis、MongoDB、HBase等有一定了解；5.熟悉Zookeeper、Kafka等分布式组件，有Spark、Storm等主流流式计算框架，熟悉其原理者优先。6.强烈的责任心和团队合作能力，性格开朗，善于沟通，自驱学习，逻辑思维能力并且敢于创新和接受挑战；具有JAVA爬虫经验者优先,3-5年,北京市东城区新中街乙12号A座403查看职位地图,北京,中高级Java爬虫工程师,,2人 ,2018/4/26 18:01,13000-26000元/月?,http://jobs.zhaopin.com/CC365949320J00037520612.htm,"五险一金,餐补,通讯补贴,定期体检,补充医疗保险,全勤奖,带薪年假,节日福利",大专
北京玩乐付科技有限公司 ,http://company.zhaopin.com/CZ753565270.htm,软件工程师,全职,工作职责：1、负责爬虫系统的维护和技术重构(包括HTML和Json内容的抽取)2、负责对互联网内容的爬取\抽取\清洗\存储的开发及优化3、负责对反爬取策略相关的技术处理职位要求：1、熟练使用C#，理解Http，熟悉正则表达式、Html、DOM、XPath、Javascript；能从结构化的和非结构化的数据中获取信息；2、熟练使用网络抓包工具，如Fiddler、Wireshark等；3、熟练使用SQL语言，熟练使用至少一种关系型数据库；4、对反爬取有一定程度认识；5、工作认真细致踏实，有责任心，主动性强，学习能力强，本科以上学历，计算机相关专业。,5-10年,海淀区知春路12号泰跃商务中心查看职位地图,北京,爬虫工程师,,1人 ,2018/3/5 12:17,15001-20000元/月?,http://jobs.zhaopin.com/CZ753565270J00009697510.htm,"五险一金,绩效奖金,餐补,补充医疗保险,定期体检,免费班车,节日福利,带薪年假",本科
博彦科技股份有限公司 ,http://company.zhaopin.com/CC000163976.htm,高级软件工程师,全职,"岗位职责：1.负责设计和开发分布式、多线程网络爬虫应用，包括调度、抓取、入库等内容，进行互联网相关信息的抓取；2.实现海量数据的抓取、抽取，去重、分类，垃圾过滤，质量识别、解析，整理入库等工作；3.设计爬虫策略、防屏蔽规则和功能开发及优化；4.网页信息抽取等核心算法的研究和优化；5.参与项目整体规划设计过程，制定项目开发迭代计划；6.参与实施过微博、微信的采集；7.参与实施过头条等主流app的采集；任职要求：1.统招本科、计算机相关专业毕业，3年+以上实际的爬虫项目经验；2.掌握python,熟悉常用爬虫框架中的一种或多种，如Scrapy框架或其他的Webscrapingframework；3.熟悉HTML/JavaScript/CSS/xpath/url/Ajax/xml等web技知识,熟悉HttpClient、jsoup、WebDriver、phantomjs等工具；4.熟悉linux系统，熟悉postgres、redis，nosql等,熟悉Internet基本协议（如TCP/IP.HTTP等）；5.能够解决封账号、封IP采集等问题,解决网页抓取、信息抽取等问题,构建完善的网络信息收集平台，优先；6.负责网络爬虫采集规则的编写；7.有分布式爬虫架构经验者优先；8.有数据分析、数据挖掘相关经验者优先。职位概述：负责设计和开发分布式、多线程网络爬虫应用，包括调度、抓取、入库等内容，进行互联网相关信息的抓取部门概述：博彦多彩数据（http://bigdata.beyondsoft.com/），目前在职员工170人，有一支非常优秀的团队，包括技术研发、市场运营、销售团队等。我们秉承“发现数据之美”的理念，聚焦企业需求，致力于联通企业内外部数据，帮助企业转型为“数据型生态组织”。整合了涵盖科技、电信、金融、医疗、能源等多个领域的大规模数据，收购中国商业舆情服务红麦聚信，凭借服务互联网行业十余年的数据运营经验，为企业提供专业数据采集、挖掘、处理和分析服务。",3-5年,北京市海淀区西北旺东路10号院7号楼博彦科技大厦,北京,高级爬虫工工程师-北京-03198,,1人 ,0002-01-01 00:00:00,20000-30000元/月?,http://jobs.zhaopin.com/000163976262558.htm,,本科
北京TMO管理咨询有限公司 ,http://company.zhaopin.com/CC289139330.htm,软件工程师,全职,开发项目为公司自主产品，AI招聘系统。岗位描述：1、参与爬虫系统的架构设计与开发；2、负责设计和开发分布式网络爬虫系统，进行多平台信息的抓取和分析；3、设计爬虫策略和防屏蔽规则，提升网页抓取的效率和质量；4、能独立解决实际开发过程碰到的各类问题。任职资格1、熟悉linux平台开发，3年以上Java、python或C/C++开发经验；2、精通信息抓取和整合技术，从结构化的和非结构化的数据中获取信息；3、熟悉Mysql，redis，mongdb三者至少之一，有过数据库调优和海量数据存储经验优先；4、具有搜索相关技术研发经验者优先；5、具有数据挖掘、自然语言处理、信息检索、机器学习背景者优先；6、有nutch，heritrix抓取经验或者分布式抓取经验者优先；7、熟悉搜索引擎和个性化推荐相关技术，精通主流分词算法、分类、提取摘要、大规模网页聚类、索引、检索等相关开发经验者优先。,3-5年,北京市朝阳区西大望路下甸甲3号尚8国际艺术中心1号楼A座1-5楼,北京,爬虫工程师,,1人 ,0002-01-01 00:00:00,15000-25000元/月?,http://jobs.zhaopin.com/289139330250053.htm,"节日福利,五险一金,交通补助,通讯补贴,带薪年假,补充医疗保险,定期体检,员工旅游",大专
中投国信(北京)科技发展有限公司 ,http://company.zhaopin.com/CZ548051620.htm,软件研发工程师,全职,"岗位职责：1、负责爬虫引擎核心功能开发及优化、架构设计、系统规划，以及爬虫技术的技术调研；2、负责大数据的数据采集与爬取、解析处理、入库及备份等数据日常工作；3、负责数据的清洗、整理、整合及合并等工作；4、反爬策略的设计及优化。任职资格：1、熟练使用C/C++、Java、C#、.Net、Go中一种编程语言，熟悉至少一种脚本语言，如shell、python进行工作；2、熟悉爬虫的设计及实现流程，至少2年互联网数据抓取及爬虫经验；3、熟悉缓存数据库redis,关系型数据库mysql、Oracle等，非关系型数据库MangDB,具备sql调优经验；4、了解各种Web前端技术，包括XHTML/XML/CSS/JavaScript/AJAX等；5、了解文本分类、统计分析、自然语言处理、机器学习算法等技术；6、熟悉反爬虫机制并有对应的破解方案；7、有大数据相关开发经验者优先，熟悉分布式计算，有多线程、分布式、网络数据抓取及处理经验优先；8、有政府政务行业工作经验优先，尤其社会信用方向。",3-5年,北京市海淀区永泰庄北路1号（天地邻枫创新产业园）6号楼查看职位地图,北京,大数据抓取工程师/爬虫工程师,,1人 ,2018/4/27 10:24,10001-15000元/月?,http://jobs.zhaopin.com/CC548051623J00037470815.htm,"周末双休,五险一金,餐补,通讯补贴,节日福利,定期体检,免费班车",本科
金恪投资控股股份有限公司 ,http://company.zhaopin.com/CC658471829.htm,软件研发工程师,全职,工作职责：1.根据规划需求，负责外部公共数据（征信数据、银行流水数据、互联网数据）的爬取和整合。2.特定资源数据的抓取及数据清洗。任职要求1.本科或本科以上学历，计算机或数学相关专业者优先，有2年以上后台开发经验.2.精通Python语言，代码风格良好。3.熟悉常用网络协议，包括但不限于HTTP协议和相关网络抓包工具的使用。4.熟悉各种反爬手段和突破方式。5.熟悉MySQL/memcached/mongodb/redis等数据库的开发和使用。,3-5年,东大桥SOHO尚都北塔B座509查看职位地图,北京,爬虫开发工程师,,1人 ,0002-01-01 00:00:00,15001-20000元/月?,http://jobs.zhaopin.com/658471829252745.htm,"节日福利,周末双休,五险一金,弹性工作",本科
北京神州泰岳软件股份有限公司 ,http://company.zhaopin.com/P3/CC1201/1692/CC120116927.htm,软件工程师,全职,"岗位职责：1.负责爬虫业务的技术文档书写；2.负责爬虫功及数据清洗功能开发；3.指导其他组员完成Python相关的预研，功能设计等；4.参与部门产品规划，设计过程，提供建议和技术支持。任职要求：1.本科及以上学历，计算机相关专业；2.3年Python相关开发经验，2年python爬虫开发经验；3.深入了解Scrapy,Selenium机制；4.对网站反爬机制有成熟的应对经验；5.具有良好的语言表达、软件和文档编写能力；6.工作认真，乐于协作，有良好的团队合作意识；7.热爱技术，有独立工作能力，可以主动克服困难，对技术有深深的钻研精神。",3-5年,北京市朝阳区北苑路甲13号院1号楼17层,北京,Python开发工程师（爬虫）-鼎富-战略产品,,1人 ,2018/4/22 16:10,15001-20000元/月?,http://jobs.zhaopin.com/120116927254161.htm,"节日福利,五险一金,绩效奖金,餐补,带薪年假,补充医疗保险,定期体检,员工旅游",本科
北京天宇正清科技有限公司 ,http://company.zhaopin.com/CZ173534910.htm,软件工程师,全职,工作职责：1.设计和开发分布式网络爬虫系统，进行多平台信息的抓取和分析；2.网页信息抽取、数据清洗等研发和优化工作；3.抓取数据的深度提取和挖掘。岗位要求：1.有扎实的java开发基础，或者实践经验，对熟悉爬虫工具2.熟悉SSH等主流开源框架3.熟悉MySQL或同类关系型数据库4.熟悉httpclient、jsoup、webdriver、htmlunit、Nutch、selenium等技术。5.有MongoDB等非关系型数据库相关经验的优先考虑6.有Solr或其他Lucence相关经验的优先考虑7.精通Javascript相关开发的优先考虑,3-5年,朝阳区望京SOHO查看职位地图,北京,JAVA开发工程师（爬虫方向）,,2人 ,2018/4/16 9:53,10000-20000元/月?,http://jobs.zhaopin.com/CC173534914J00034565310.htm,"周末双休,五险一金,带薪年假,弹性工作,员工旅游,节日福利",本科
北京智慧星光信息技术有限公司 ,http://company.zhaopin.com/%E5%8C%97%E4%BA%AC%E6%99%BA%E6%85%A7%E6%98%9F%E5%85%89%E4%BF%A1%E6%81%AF%E6%8A%80%E6%9C%AF%E6%9C%89%E9%99%90%E5%85%AC%E5%8F%B8_CC467352913.htm,软件研发工程师,全职,岗位职责：1、参与桌面版、云端版可视化爬虫研发；任职要求：1、熟悉node.js，能够自动生成基于selenium代码（了解phantom.js，chromeless，nightmare，xvfb等其他方式更好）；2、熟悉koa2、restAPI开发；3、熟悉websocket，mongodb、lowdb；4、熟悉electron者优先；5、熟悉常规爬虫采集流程、有一定爬虫开发经验者优先；6、熟悉容器技术，如docker者优先；7、开发过跨平台桌面应用者优先；8、熟悉八爪鱼、火车头等采集器实现者优先。,3-5年,北京市海淀区北四环西路56号辉煌时代大厦11层、15层,北京,可视化爬虫研发工程师,,1人 ,2018/4/4 8:41,15001-20000元/月?,http://jobs.zhaopin.com/467352913251842.htm,,本科
国龙投资(北京)有限公司 ,http://company.zhaopin.com/CC700546722.htm,算法工程师,全职,"职位描述：1、负责网页信息抽取技术的研究和开发；2、负责爬虫各个系统核心代码开发；3、提高数据抓取的效率和质量，解决数据的重复，垃圾数据识别，清洗；4、提高系统的可运维，可测性，易用性。任职要求：1、3年以上python或java开发经验；2、熟悉mysql,redis,具备sql调优经验；3、了解爬虫的设计及实现流程；4、了解HTML基础知识；5、具备团队协作精神；6、了解文本分类，统计分析，自然语言处理，机器学习算法，熟悉前端技术和分布式计算，有分布式存储经验者优先。",3-5年,北京市朝阳区朝阳北路141号文化中心查看职位地图,北京,爬虫/数据抓取工程师,,4人 ,2018/4/23 8:43,10000-20000元/月?,http://jobs.zhaopin.com/700546722250179.htm,,本科
蛋壳公寓 ,http://company.zhaopin.com/CC274754284.htm,高级软件工程师,全职,"岗位职责：1、负责大型数据爬虫系统的架构开发及策略迭代；2、支持算法引擎的维护优化，基于R和python实现后端算法产品；3、参与在线服务数据平台的开发与维护。任职要求：1、本科及以上学历，数学或计算机相关专业优先，3年以上相关工作经验；2、熟练掌握python及某一web开发框架（Django,Tornado优先）；3、熟练掌握mysql/redis/mogodb等数据库的设计与开发；4、拥有成熟爬虫系统开发经验或者APP爬虫经验者优先；5、热爱数据，自我驱动型的伙伴。",5-10年,联合大厦查看职位地图,北京,高级python工程师（爬虫方向）,,1人 ,2018/4/26 11:25,20001-30000元/月?,http://jobs.zhaopin.com/CC274754284J00041053010.htm,"五险一金,交通补助,餐补,房补,通讯补贴,补充医疗保险,节日福利,14薪",本科
龙源创新数字传媒(北京)股份有限公司,http://special.zhaopin.com/pagepublish/14748104/index.html,软件工程师,全职,岗位职责1、负责网页信息抓取，结果的抽取、数据清洗、分类、聚类等研发工作；2、负责爬虫平台系统的架构设计与开发以及爬虫核心算法的策略优化研究；3、参与大数据平台产品的建设，专注于垂直领域数据爬取，进行多平台信息的抓取和分析；4、研究优化算法，设计爬虫策略和防屏蔽规则，提升爬虫系统的稳定性、可扩展性；任职资格：1、3年以上C#开发经验，2年以上专职数据抓取工作经验，对长期从事数据采集工作有浓厚的兴趣;2、熟悉深度抓取、动态网页抓取技术、熟悉请求伪装，模拟登陆，代理应用，爬虫和反爬技术；3、熟悉App抓取;掌握AJAX网页采集技术，有验证码识别技术数据抓取经验者优先；4、有较强的团队协作精神，独立工作能力、沟通及表达能力强，工作责任心强，能够承受压力；,不限,北京市西城区德胜门外大街83号德胜国际中心,北京,C#数据采集/爬虫开发工程师,,1人 ,2018/4/24 9:40,15001-20000元/月?,http://jobs.zhaopin.com/147481043251478.htm,"五险一金,绩效奖金,全勤奖,带薪年假,补充医疗保险",本科
中国搜索信息科技股份有限公司 ,http://company.zhaopin.com/CC629509023.htm,高级软件工程师,全职,职位职责：-负责搜索爬虫spider的核心技术研究和开发-研究各种网站、网页、链接的形态，发现它们的特点和规律-设计各种策略和算法，提升spider的抓取效果-分析spider的技术缺陷，对spider做出合理地调整或改进-负责spider系统的升级和维护任职要求：-热爱互联网，对搜索技术、探索未知领域有浓厚的兴趣-优秀的分析问题和解决问题的能力，对解决具有挑战性问题充满激情-精通C/C++语言编程，熟悉linux平台、shell编程-对数据结构和算法设计有较为深刻的理解-具有良好的沟通能力，和良好的团队合作精神-搜索相关领域如网页抓取、解析/信息挖掘/统计分析工作经验、多语言研发经验优先,1-3年,北京市东城区永定门西滨河路8号（陶然亭桥东南角）中海地产广场东塔12、15、16、17层,北京,搜索爬虫研发工程师--c++,,8人 ,2018/4/18 8:57,20001-30000元/月?,http://jobs.zhaopin.com/629509023250016.htm,"五险一金,餐补,通讯补贴,补充医疗保险,定期体检,员工旅游,节日福利",本科
北京人民在线网络有限公司,http://special.zhaopin.com/pagepublish/26642061/index.html,IT技术支持/维护工程师,全职,岗位职责：1.负责移动客户端数据采集、识别与正确解析。2.负责移动端爬虫架构设计（包括基础资源，如移动设备群集技术、代理池技术、反反爬技术、移动设备群控技术等等）与核心技术研发。3.负责移动端数据的特征挖掘，主要对移动设备数据请求协议、移动端交互数据、资源变化趋势等进行数据抓取、分析和特征建模。4.设计策略和算法，提升数据抓取的效率和质量，进一步解决系统的网页排重、垃圾控制、资源划分等问题。5.分析爬虫系统的技术缺陷，对策略架构做出合理地调整和改进。任职要求：1.精通Java/C++/Python语言编程，熟悉linux平台开发与部署。2.熟悉HTTP、XML、JSON、SOAP、tcp/ip、网络代理等网络协议。3.熟悉APK反编译、IDA、AndroidStudio等常用客户端逆向分析工具，熟悉客户端动态调试技术。4.熟悉常见的移动端反爬机制及对应的应对措施，如ua、cookie识别。5.精通队列通信、分布式、多线程开发技术。6.有较强的数据分析与建模能力。7.有开源网页爬虫开发经验者优先。,3-5年,金台西路2号人民日报社新媒体大楼17层,北京,网络爬虫研发工程师,,1人 ,2018/4/24 8:20,10001-15000元/月?,http://jobs.zhaopin.com/266420611250368.htm,"五险一金,免费班车,员工旅游,高温补贴,节日福利",本科
北京华宇元典信息服务有限公司 ,http://company.zhaopin.com/CC409922388.htm,技术研发工程师,全职,岗位职责:1.搭建系统开发环境，完成系统框架和核心代码的实现2.分析数据需求，设计和编写数据采集逻辑3.按时按质完成开发任务与相关开发文档4.研究和解决技术问题，参与优化系统性能5.参与代码维护与备份，参与新技术的预研和使用1.计算机相关专业，本科及以上学历，3年及以上工作经验（非实习）2.熟练使用java开发语言，有Javaee工作经验3.熟悉SSH三大框架，熟悉jsp、html、javascript、css等web开发技术4.有关系型数据库（如Mysql等）熟练使用经验，及熟悉非关系型数据库（如redis、ES）5.熟悉linux系统的操作和环境部署6.有爬虫框架工作经验优先，HtmlUnit/webmagic等使用经验者优先7.对反爬虫技术有研究，数据提取清洗技术熟悉，代理使用熟悉者优先8.对大数据有研究兴趣，认真仔细，敢于接受新技术,1-3年,海淀区西小口东升科技园,北京,高级大数据采集研发工程师（爬虫方向）,,1人 ,2018/4/23 18:19,15001-20000元/月?,http://jobs.zhaopin.com/CC409922388J00039384809.htm,,本科
软通动力信息技术(集团)有限公司,http://special.zhaopin.com/bj/2012/rtdl07115276/,其他,全职,职位描述：捕获互联网上的内容，从纷繁复杂的数据中，自动过滤出满足条件的内容，根据设定条件进行分解并存入数据库，以备后续分析。能够及时的跟踪更新，增量捕获，避免重复内容，提高爬虫效率。技能要求：?正规大学毕业，计算机或者数学相关专业，本科以上学历?精通Python，相关岗位三年以上工作经验，HTTP协议?精通HTML，DOM结构，了解XPATH语法和应用?精通爬虫开源框架scrapy，熟练使用数据分析工具nummy，pandas?精通数据结构和各种排序算法?熟悉Linux操作系统，能够熟练使用shell脚本?熟悉正则表达式，能够熟练使用正则常用的匹配模式?有语义分析经验，有使用jieba进行中文分词处理经验?有数学和统计学背景者优先,3-5年,北京市海淀区西北旺东路10号院东区16号楼软通动力公司,北京,网络爬虫工程师,,1人 ,0002-01-01 00:00:00,15001-20000元/月?,http://jobs.zhaopin.com/000544466278366.htm,"五险一金,通讯补贴,带薪年假,定期体检",本科
永新华韵文化发展有限公司 ,http://company.zhaopin.com/CC272211434.htm,软件工程师,全职,岗位职责：1、各类互联网数据的采集抓取；2、研究各种网页、app接口，探寻特点和规律，抓取其中的数据；3、分布式爬虫系统和数据采集的设计、开发；4、爬虫策略和防屏蔽规则，提升网页抓取的效率和质量；5、负责核心算法的设计与开发。任职要求：1、熟悉Python，熟悉c/c++或java，算法功底扎实；2、熟悉sql/nosql数据库；3、具备一定的信息检索和web挖掘能力；4、了解流行的反爬虫策略并能找到相应的应对措施；5、有数据分析或数据挖掘经验者优先。,3-5年,北京市东城区前门大街A16内街72、74二层查看职位地图,北京,爬虫工程师,,1人 ,2018/4/25 16:21,20001-30000元/月?,http://jobs.zhaopin.com/272211434250095.htm,"节日福利,五险一金,年底双薪,带薪年假",本科
天津数信通信息科技有限公司 ,http://company.zhaopin.com/CC270031132.htm,软件工程师,全职,岗位职责：1、负责设计和开发分布式网络爬虫系统，进行多平台信息的抓取和分析2、负责网页信息抽取、数据清洗等研发和优化工作3、负责抓取数据的深度提取和挖掘4、参与爬虫核心算法的策略优化研究，提升网页抓取的效率和质量。任职资格：1、熟悉linux平台开发，精通Python/Java两种编程语言中的至少一种2、精通网页抓取原理及技术，精通正则表达式，从结构化的和非结构化的数据中获取信息3、熟悉Mysql，有过数据库调优和海量数据存储经验优先4、具有搜索相关技术研发经验者优先薪金面议,3-5年,月坛北街月坛大厦查看职位地图,北京,爬虫工程师,,1人 ,2018/4/25 11:56,8001-10000元/月?,http://jobs.zhaopin.com/270031132250114.htm,"五险一金,带薪年假,定期体检,节日福利",本科
云鸽在线(北京)信息技术有限公司 ,http://company.zhaopin.com/CC583962122.htm,软件研发工程师,全职,要求：1计算机、通信及相关专业本科以上学历2熟练掌握linux环境下的c/c++/python/Shell等1至2中语言3对算法和数据结构有深刻的理解和掌握，扎实的机器学习、数据挖掘理论和技术基础4具备很强的分析和结局问题的能力，对于公关疑难问题具有强烈的兴趣5有搜索或推荐相关系统研究或开发经验，有2年以上的相关工程经验尤佳6注重团队协作，有良好的沟通能力职责：1负责网络爬虫的开发和维护2负责数据检索系统的开发和维护3用脚本和程序对大规模数据进行处理和分析,3-5年,北京,北京,爬虫工程师,,1人 ,2018/4/16 17:16,10001-15000元/月?,http://jobs.zhaopin.com/583962122250113.htm,"五险一金,绩效奖金,交通补助,通讯补贴,带薪年假,定期体检,员工旅游,节日福利",本科
一米信息服务(北京)有限公司 ,http://company.zhaopin.com/CZ379917330.htm,数据库开发工程师,全职,"岗位职责：1.负责爬虫系统的架构设计，技术选型。2.研究各种网页、微信、app接口，实现多通道抓取和数据处理。3.承接开发任务，需求分析，确保按时按质按量完成任务4.反爬策略的设计及优化任职要求：1.熟悉java/Python、C语言等爬虫方向开发和应用2.具有爬虫系统框架设计能力，以及爬虫项目规划能力3.熟悉网络编程、熟悉多线程机制、有过SocketHTTP网络编程项目经验4.模拟浏览器操作爬虫，了解网页抓取原理及技术，精通正则表达式，具备网络爬虫项目经验5.擅长数据结构分析，能从结构化和非结构化的数据中获取信息6.熟悉SQL语言、熟悉MYSQL应用开发7.有Mongodb,Hbase,Redis开发经验的优先8.有分布式爬虫架构或处理过反爬虫优先",不限,北京市朝阳区芍药居北里101号1幢11层1座1215查看职位地图,北京,高级网络爬虫工程师,,1人 ,2018/4/24 17:17,20001-30000元/月?,http://jobs.zhaopin.com/379917332250027.htm,"创业公司,每年多次调薪,五险一金,加班补助,带薪年假,定期体检,节日福利",不限
北京群星闪耀科技有限公司 ,http://company.zhaopin.com/CC465777084.htm,高级软件工程师,全职,岗位职责:1.负责设计和开发分布式网络爬虫系统，进行多平台数据抓取工作；2.负责网页信息的数据抽取、清洗等工作，提升平台的抓取效率；3.负责爬虫系统自动抽取的核心算法和效果调优；4.负责爬虫系统的后台监控、报警模块的开发。任职资格:1.统招本科以上学历，计算机相关专业，2年以上爬虫或抓取工作经验；2.熟悉Linux系统，掌握Java、Python或PHP任意一种语言；3.熟悉多线程、多进程、网络通信编程、分布式系统相关知识；4.熟悉整个爬虫的设计及实现流程，有从事网络爬虫、网页信息抽取开发经验，熟悉反爬虫技术，有分布式爬虫架构经验。,1-3年,知春路量子芯座大厦18层1809室,北京,爬虫工程师,,1人 ,2018/4/23 11:21,10000-20000元/月?,http://jobs.zhaopin.com/465777084250001.htm,"创业公司,五险一金,餐补,弹性工作,员工旅游",本科
北京因果树网络科技有限公司 ,http://company.zhaopin.com/CZ241755380.htm,高级软件工程师,全职,岗位职责：1.负责独占数据的抓取、解析、转化等相关工作；2.负责海量app的链接分析。任职要求：1.计算机相关专业，本科以上，爬虫经验3年以上；2.熟悉C++/Python/PHP/Java任意一种语言；3.熟悉linux开发环境；4.有过网页抓取、网页解析等经验优先；5.有过app内数据抓取经验优先；6.有过app逆向工程经验优先；7.最最重要的对数据有强烈的拥有兴趣。,不限,北京市海淀区互联网金融中心10层查看职位地图,北京,爬虫工程师,,1人 ,2018/4/27 10:33,15001-20000元/月?,http://jobs.zhaopin.com/241755385250167.htm,"每年多次调薪,五险一金,绩效奖金,股票期权,餐补,带薪年假,员工旅游,节日福利",本科
北京汇游科技有限公司 ,http://company.zhaopin.com/CC305388985.htm,软件工程师,全职,工作职责*利用爬虫和模拟技术实现自动化操作，简化或降低人工操作成本*保证自动话流程稳定高效的运行职位要求*两年以上Python开发经验*能熟练运用正则表达式、XPath、XML、Json等解析技术从结构化的和非结构化的数据中获取信息*有很好的分析能力，工作细致有耐性*熟悉Linux操作，有一定的服务部署能力*精通网络编程、熟悉HTTP协议*熟悉HTML、XPath、CSS、JavaScript*有良好的编码习惯，结构清晰，命名规范，逻辑性强，自测要求使用单元测试*善于思考，能独立分析和解决问题*责任心强，具备良好的团队合作精神*熟练使用Git，熟悉PullRequest或Gitflow工作流*简历中可附加您的Blog、GitHub、StackOverflow、微博、Twitter地址,3-5年,北京市朝阳区红军营南路安鑫办公查看职位地图,北京,Python 工程师（爬虫、自动化方向）,,1人 ,2018/4/26 9:44,15001-20000元/月?,http://jobs.zhaopin.com/CC305388985J00033232714.htm,"五险一金,绩效奖金,加班补助,周末双休,不加班,节日福利,员工旅游,餐补",本科
云鸽在线(北京)信息技术有限公司 ,http://company.zhaopin.com/CC583962122.htm,高级软件工程师,全职,要求：1计算机、通信及相关专业本科以上学历2熟练掌握linux环境下的c/c++/python/Shell等1至2中语言3对算法和数据结构有深刻的理解和掌握，扎实的机器学习、数据挖掘理论和技术基础4具备很强的分析和结局问题的能力，对于公关疑难问题具有强烈的兴趣5有搜索或推荐相关系统研究或开发经验，有2年以上的相关工程经验尤佳6注重团队协作，有良好的沟通能力7有移动端和微信抓取经验优先考虑职责：1负责网络和移动端爬虫的开发和维护2负责数据检索系统的开发和维护3用脚本和程序对大规模数据进行处理和分析4微信文章抓取5app文章抓取,不限,左岸工社查看职位地图,北京,高级爬虫工程师,,1人 ,2018/4/16 17:16,15001-20000元/月?,http://jobs.zhaopin.com/583962122250161.htm,"五险一金,绩效奖金,交通补助,通讯补贴,带薪年假,定期体检,员工旅游,节日福利",本科
云鸽在线(北京)信息技术有限公司 ,http://company.zhaopin.com/CC583962122.htm,高级软件工程师,全职,要求：1计算机、通信及相关专业本科以上学历2熟练掌握linux环境下的C/C++/Python/Shell等1至2种以上语言3对算法和数据结构有深刻的理解和掌握，扎实的机器学习、数据挖掘理论和技术基础4具备很强的分析和解决问题的能力，对于攻关疑难问题具有强烈的兴趣5有搜索或推荐相关系统研究或开发经验，有2年以上相关工程经验尤佳6注重团队协作，有良好的沟通能力联系我们：Email：hr@yunger.com公司介绍云鸽在线（北京）信息技术有限公司（以下简称云鸽）是一家互联网数据分析的技术与服务提供商，旨在通过大数据分析技术，为客户创造价值，从而推动社会进步。云鸽以“将互联网数据转化为企业资产”的产品理念为己任，经过多年的积累，在大数据处理及非结构化智能分析等领域具有独特优势。目前核心业务为互联网数据监测、分析与挖掘，主要提供的产品有舆情监测分析服务、数据服务、大企业私有云解决方案等。凭借领先的技术和优质的服务，云鸽平台已经在政府、软件、快消、汽车、公关等行业和领域的百余家用户投入使用，并获得用户的支持与信赖。未来，云鸽将以成为领先的大数据分析提供商为发展目标，为用户提供更加优秀的产品和服务！公司定位：专业的互联网数据分析产品技术与服务提供商价值主张：把互联网数据转化为企业资产发展愿景：领先的大数据分析提供商,1-3年,北京市海淀区苏州街左岸工社查看职位地图,北京,python爬虫工程师,,1人 ,2018/4/27 9:54,10001-15000元/月?,http://jobs.zhaopin.com/583962122250015.htm,,本科
北京字节跳动科技有限公司 ,http://company.zhaopin.com/CC469217519.htm,互联网软件工程师,全职,岗位职责：1、负责广告素材线索和垂直类产品爬虫系统的设计、开发2、抓取数据的清洗、落地、分析3、抓取策略算法的更新维护，以及确保数据抽取准确、高效任职要求：1、具备强悍的编码能力、扎实的数据结构和算法功底2、熟悉tcp，http协议原理；熟悉ajax工作原理；精通Python编程，熟悉一种开源爬虫框架和源码；3、有爬虫、信息抽取、文本分类、大数据处理相关经验优先4、有自然语言处理、机器学习经验优先,3-5年,北京市海淀区北三环西路43号中航广场,北京,广告爬虫工程师,,2人 ,0002-01-01 00:00:00,25000-50000元/月?,http://jobs.zhaopin.com/469217519257102.htm,,本科
北京荣之联科技股份有限公司 ,http://company.zhaopin.com/P2/CC1885/5631/CC188556310.htm,高级软件工程师,全职,岗位职责：1、配合产品经理实现分布式爬虫的代码实现；2、对爬虫框架，包括调度、存储、IP代理池、验证码识别等模块开发和维护；3、配合产品经理实现具备可视化配置功能的互联网数据采集平台。任职要求：1、3年以上爬虫开发相关经验，熟练使用Python语言进行爬虫开发；2、熟练使用正则表达式、xpath等页面提取方式，能够从结构化的和非结构化的数据中提取信息；3、精通爬虫框架及原理，熟练掌握scrapy、scrapyd、scrapy-redis、beautifulsoup等，有分布式爬虫框架经验优先；4、计算机相关专业，了解Hadoop、Hbase、Hdfs基本原理，具备基本算法能力；5、参与过实际分布式爬虫开发项目并了解项目构架。,3-5年,北京市朝阳区酒仙桥北路甲10号院106号楼荣之联大厦,北京,高级爬虫工程师（Python）,,1人 ,2018/4/24 11:13,10000-20000元/月?,http://jobs.zhaopin.com/188556310254027.htm,"五险一金,通讯补贴,带薪年假,定期体检,免费班车,员工旅游",本科
北京鼎泰智源科技有限公司 ,http://company.zhaopin.com/CZ681733220.htm,高级软件工程师,全职,"岗位职责：1、负责抓取平台的核心技术研发工作；2、负责网络爬虫的核心技术研究和开发;3、设计爬虫策略和防屏蔽规则，提升网页抓取的效率和质量；4、分析爬虫系统的技术缺陷，对策略架构做出合理地调整和改进；5、负责网页抓取相关在线服务、计算、调度、存储等工程架构开发；6、负责相关业务团队定向数据获取诉求。任职条件：1、Java开发3年以上工作经验。2、能熟练使用jsoup,httpclient,htmlunit，参与过爬虫开发。3、能熟练使用Xpath、CssSelector、正则表达式进行数据解析。4、能熟练使用关系型数据库MySQL,非关系型数据库mongdb，redis缓存,rabbitmq消息队列等。5、参与过强授权爬虫开发的优先，能独立完成网站的爬虫开发。",3-5年,北京市海淀区西三旗生态园查看职位地图,北京,高级爬虫工程师,,2人 ,2018/4/27 10:16,15001-20000元/月?,http://jobs.zhaopin.com/CC681733228J00028044109.htm,"五险一金,健身俱乐部,绩效奖金,股票期权,员工旅游,带薪年假",本科
龙信数据(北京)有限公司,http://special.zhaopin.com/pagepublish/37420601/index.html,高级软件工程师,全职,岗位职责：1、负责分布式爬虫系统的核心架构设计以及系统规划；2、负责抓取数据的清洗、落地、分析，确保数据抽取准确、高效；3、破解反爬机制，优化爬虫路由调度策略；4、负责高性能爬虫系统的后台监控、报警模块的开发。任职资格：1、本科及以上学历，计算机或相关专业；2、五年以上爬虫开发工作经验，具备扎实的计算机专业基础知识；3、熟悉linux平台开发，精通Java或Python编程语言；4、熟悉网页抓取原理及技术，了解基于Cookie的登录原理，熟悉基于正则表达式，Xpath等网页信息抽取技术；5、熟悉开源爬虫Webmagic、Jsoup、HTMLunintHttpclient等；6、热爱解决爬虫的各种技术问题，勇于挑战。,5-10年,北京市海淀区蓝靛厂东路2号金源时代商务中心B座3D查看职位地图,北京,高级爬虫工程师,,2人 ,2018/4/23 11:41,15000-25000元/月?,http://jobs.zhaopin.com/CC374206016J00040137510.htm,"五险一金,交通补助,餐补,定期体检,节日福利,周末双休,带薪年假",本科
华信永益(北京)信息技术有限公司 ,http://company.zhaopin.com/CC469297616.htm,Java开发工程师,全职,岗位描述：1，负责客户端程序开发及维护，并完成技术文档编写；2，网站信息抓取以及存储；3，持续优化产品的流程，不断改进产品功能；岗位要求：1，计算机及其相关专业，本科及其以上学历；2，java客户端软件或客户端/服务器架构相关软件开发经验；3，熟悉爬虫技术，有网络爬虫相关研发经验；4，良好的Java语言基础，熟悉Javaswing优先；,1-3年,海淀区查看职位地图,北京,爬虫工程师,,2人 ,2018/4/10 18:32,10001-15000元/月?,http://jobs.zhaopin.com/CC469297616J00037698613.htm,"绩效奖金,五险一金,加班补助,全勤奖,交通补助,餐补,节日福利,员工旅游",本科
圣盈信(北京)管理咨询有限公司 ,http://company.zhaopin.com/CC699824224.htm,IT技术支持/维护工程师,全职,职位描述：1.负责设计和开发分布式网络爬虫系统，进行多平台信息的抓取和分析工作；2.负责网页信息和APP数据抽取、清洗、消重等工作，提升平台的抓取效率；3.参与爬虫核心算法和策略优化，熟悉采集系统的调度策略；4.实时监控爬虫的进度和警报反馈；任职要求：1.熟悉Linux系统，掌握Java/Python语言；2.了解多线程、多进程、网络通信编程相关知识，有分布式爬虫架构，数据挖掘经验；3.掌握网页抓取原理及技术，了解基于Cookie的登录原理，熟悉基于正则表达式、XPath、CSS等网页信息抽取技术；4.做过数据处理、ETL等相关工作优先；5.熟练使用、掌握Hadoop者优先；6.熟练使用、掌握HBase/MongoDB/MySQL等数据库者优先；7.本科以上的学历，计算机相关专业，2年以上工作经验；8、有较强的团队协作精神；有效的沟通技巧，具备良好的学习能力，责任心强，能够承受较大的工作压力；,不限,北京-海淀区-知春路致真大厦D座15层,北京,爬虫工程师,,2人 ,2018/4/12 16:12,10000-20000元/月?,http://jobs.zhaopin.com/699824224250473.htm,"节日福利,五险一金,绩效奖金,交通补助,通讯补贴",不限
马上消费金融股份有限公司 ,http://company.zhaopin.com/CC252519037.htm,软件研发工程师,全职,岗位职责：1.负责爬虫项目的设计，开发，维护工作；2.持续优化爬虫框架和项目任职要求：1.有扎实的java编程开发基础，有爬虫开发经验2.使用过spring，springmvc，mybatis等框架3.有关系数据库，hbase等nosql数据库的使用经验4.熟悉http协议、代理、html\css、javascript等技术。5.有爬虫经验优先6.工作踏实，负责，具备良好的沟通协作能力,3-5年,北京市朝阳区西大望路甲6号国华置业2层,北京,爬虫java开发工程师,,10人 ,2018/4/4 10:14,15000-30000元/月?,http://jobs.zhaopin.com/252519037250976.htm,"节日福利,五险一金,年终分红,包吃,餐补,带薪年假,弹性工作,定期体检",本科
包头市包银消费金融股份有限公司 ,http://company.zhaopin.com/CC461946132.htm,软件研发工程师,全职,"岗位职责：1.负责分布式爬虫系统和数据采集的设计、开发。2.负责应对爬虫策略和防屏蔽规则，提升网页抓取的效率和质量。3.其它各类互联网数据的采集抓取。任职要求：1.3年以上爬虫或信息抽取项目开发经验；2.熟悉python,熟悉常用爬虫框架，如Scrap等y，熟悉java更好；3.熟悉网页抓取原理及技术，熟悉HTML/xpath/css及正则表达式；;4.熟悉Linux基础操作，熟悉MySQL等数据库基本操作;5.有分布式爬虫架构经验者优先；6.有Hadoop、Hbase相关使用经验优先。",3-5年,房地首华大厦查看职位地图,北京,爬虫工程师J10095,,2人 ,2018/4/13 14:22,15000-30000元/月?,http://jobs.zhaopin.com/CZ461946130J00035780212.htm,"五险一金,餐补,带薪年假,高温补贴",本科
深圳市芒柠科技有限公司 ,http://company.zhaopin.com/CC466965980.htm,高级软件工程师,全职,"岗位职责：1、评估业界现有数据抓取系统优缺点并选择合适技术用于国政通数据抓取系统；2、研究并理解业界新技术及发展方向，保证国政通数据抓取系统与时俱进；3、设计、规划、部署国政通数据抓取系统；4、搭建、维护国政通数据抓取系统；优化系统已有问题，不断提高系统功能及性能；5、设计爬虫策略和防屏蔽规则，提升网页抓取的效率和质量；6、数据抓取手册流程制定。数据抓取系统存储数据设计方案设计、实施；数据应用场景开发、数据清洗、整合；任职要求：1、专科以上学历；通信、电子工程、自动化、计算机及其相关专业毕业；2、1年以上数据抓取开发维护经验；有大数据相关的处理经验。精通网络爬虫技术，从结构化的和非结构化的数据中获取信息,熟悉大规模网页爬取，深度网页爬取；3、有分词、分类、聚类、索引、检索等相关开发经验者优先；4、熟悉linux平台、shell编程，熟悉常用的网络抓取策略和算法；5、了解Redis、Oracle、Mysql等数据库,对数据结构和算法设计有较为深刻的理解；6、优秀的分析问题和解决问题的能力，对解决具有挑战性问题充满激情；7、规范的文档编写和版本管理经验；良好的阅读和学习能力；",1-3年,北京市朝阳区高碑店陈家林9号院华腾世纪总部公园A座3楼,北京,爬虫工程师（北京）,,1人 ,2018/4/19 10:25,10000-15000元/月?,http://jobs.zhaopin.com/466965980250105.htm,"五险一金,年底双薪,绩效奖金,带薪年假,弹性工作,补充医疗保险,定期体检,员工旅游",大专
深圳市源极光科技有限公司 ,http://company.zhaopin.com/CZ897833860.htm,软件工程师,全职,"岗位职责：1、熟悉搜索引擎和网络爬虫相关技术,有爬虫系统开发经验；2、熟练掌握网页抓取原理及技术，熟悉网页解析过程，具备数据的过滤、清洗、去重、结构化导入经验；3、熟悉分布式爬虫应用和调度策略，掌握各类网站的反爬机制和验证码机制；4、熟悉TCP/IP协议及HTTP协议,了解基本的前端技术，HTML、CSS、JS、Ajax等；5、熟练使用mysql，mongodb等数据库，熟悉mysql的各种存储引擎，熟悉索引工作原理。任职要求：1、大学本科及以上学历，计算机相关专业，基础扎实；2、Python开发工作经验1年以上，熟悉Python常用函数库和包；3、熟练掌握python，熟悉常用爬虫框架中的一种或多种，熟悉Scrapy、Pyspider框架中的至少一种；4、熟悉Linux；5、熟悉MySql、Redis、MongoDB等数据库，对SQL优化有一定的经验；6、熟悉网页抓取原理及技术，熟练掌握正则表达式、XPath、CSS等网页信息抽取技术；7、具有优秀的团队合作和沟通协作能力，善于学习，能承受较大的工作压力。",1-3年,丰台区航丰路一号时代财富天地大厦28层查看职位地图,北京,爬虫工程师（北京）,,1人 ,2018/4/27 9:50,10001-15000元/月?,http://jobs.zhaopin.com/CZ897833860J00059710903.htm,"五险一金,年底双薪,绩效奖金,补充医疗保险,员工旅游,带薪年假,加班补助,节日福利",本科
易车公司,http://special.zhaopin.com/2010/bj/ychl012104/enter.html,软件研发工程师,实习,岗位职责：1、设计和开发分布式网络爬虫程序；2、分析爬取过程，提供技术实现方案；3、分析静态网页结构，解析网页数据，对数据进行过滤，去重，结构化处理；4、设计优化爬虫调度系统，优化调度策略。任职要求：1、熟悉JAVA，掌握Python、Shell等脚本语言，有2年以上Python开发经验；2、熟悉前端技术，HTML，JavaScript，Ajax等；3、熟悉网络编程，对TCP/IP，HTTP有深入理解；4、熟练使用正则表达式，精通网页数据提取；5、熟练使用Nosql数据库如Redis等；6、有Web项目开发经验者优先；7、具备Web挖掘，有从事网络爬虫、网页去重、网页信息抽取工作经验者优先；8、具有良好的沟通和团队协作能力；9、做事严谨，责任心强。工作条理清楚，善于学习总结。具备良好的团队协作能力。,不限,北京市海淀区首体南路6号新世纪饭店写字楼6层,北京,JTSJZX-爬虫工程师,,1人 ,0002-01-01 00:00:00,1000-2000元/月?,http://jobs.zhaopin.com/136211339266075.htm,,本科
北京奇虎科技有限公司,http://special.zhaopin.com/bj/2013/xh022730/index.htm,其他,全职,"职位描述：1、负责抓取各网站页面，分析链接，转码等；2、负责一些优质号源发现，优质垂直站点发现等；3、负责一些数据挖掘相关算法，做数据分析和处理。任职要求：1、有扎实的数据结构和算法功底；2、工作认真细致踏实，有较强的学习能力，熟悉常用爬虫工具；3、熟悉linux开发环境，熟悉python等；4、理解http，熟悉html,DOM,xpath,scrapy优先；5、有爬虫，信息抽取，文本分类相关经验者优先；6、了解Hadoop、Spark等大数据框架和流处理技术者优先。",1-3年,公司名称：北京奇虎科技有限公司公司主页：http://www.360.cn,北京,爬虫工程师(职位编号：15661),,1人 ,0002-01-01 00:00:00,面议?,http://jobs.zhaopin.com/467717611259673.htm,,本科
北京科锐国际人力资源股份有限公司 ,http://company.zhaopin.com/CC263940938.htm,软件工程师,全职,"岗位职责：1.编写爬虫实现对互联网网站、网页内容的爬取、采集和数据抽取等工作；2.内容提取、处理、结构化、过滤等数据处理，并设计存储结构；3.搭建通用爬虫框架，支持各种定制化爬虫需求的快速实现；4.攻关抓取过程中的关键技术，优化代理，调度，解析，数据处理等核心模块。岗位要求：1.计算机相关专业统招本科及以上学历；2.精通python或Java语言，3年以上项目开发经验；3.熟悉scrapy,pyspider,nutch,Heritrix或其他爬虫框架；4.有较多的web站点爬取、开发经验；5.熟悉网页抓取原理及技术，熟悉基于Cookie的网站登录原理，熟悉基于正则表达式、Xpath、CSS、DOM模型等网页信息抽取技术；",3-5年,北京市朝阳区工体北路甲2号盈科中心B座,北京,知名集团公司招聘java爬虫数据工程师,,1人 ,0002-01-01 00:00:00,10001-15000元/月?,http://jobs.zhaopin.com/263940938255705.htm,"五险一金,带薪年假,补充医疗保险,定期体检,节日福利,不加班",本科
京东金融 ,http://company.zhaopin.com/CC192921312D90250038000.htm,网络工程师,全职,"岗位职责:1、负责征信平台验证功能的接口联调、测试、对接技术、协助商务、助力项目签署成功；2、会写爬虫程序、了解爬虫算法、实现自动化爬取、对必要网上数据进行定点获取，对爬虫技术精通；3、深入发掘业务需求，研发业务相关算法；独立编写规范开发文档，能够指导与培训客户技术；4、产品上线之后可以对性能、功能、BUG、使用习惯进行测试，编写测试结论，保证产品质量、安全和性能；5、了解大数据技术、对高并发、分布式有自己独到见解；6、精通SQL，对SQL优化、数据标准化有深厚经验；7、参与/负责基于海量数据的日志分析计算、大数据产品设计与开发。1、本科以上学历，4年以上Java大型互联网公司开发经验优先，2年以上网络爬虫经验；2、JAVA基础扎实，熟悉NIO、多线程、集合、缓存以及JVM原理，熟练设计模式；3、熟悉HTTP协议，掌握HTML/CSS/JS/JQUERY/AJAX等相关知识；4、熟悉httpClient/jSoup/xpath/CSS/正则表达式等网页信息抽取技术；5、熟悉selenium、WebDriver、phantomjs以及动态代理的使用及原理等相关爬虫技术；6、熟悉网页抓取原理及技术,熟悉基于Cookie的网站登录原理,熟悉基本网络协议；7、熟悉行为验证码识别、模拟登陆、数据清洗、去重、入库等；8、熟悉Linux系统，熟练应用shell，能在Linux系统上熟练的操作部署项目；9、熟悉mysql、oracle、Hbase、Hive、redis等主流数据库的开发、设计和调优技术；10、具备相关领域如大规模网络爬虫、动态网页抓取、分布式系统、浏览器内核开发等相关工程经验优先；11、具备良好的表达和沟通、文档撰写能力，较强的团队合作精神。更多职位动态，敬请关注微信公众号“京东金融招聘”",5-10年,北京经济开发区科创11街18号院京东大厦查看职位地图,北京,网络爬虫工程师（供应链金融）(037063)(职位编号：JD037063),,1人 ,0002-01-01 00:00:00,面议?,http://jobs.zhaopin.com/192921312307692.htm,,本科
京东金融 ,http://company.zhaopin.com/CC192921312D90250038000.htm,Java开发工程师,全职,工作职责：1、负责业务爬虫需求的定制化开发及维护；2、负责定制化爬虫监控开发及预警；3、负责爬虫系统的架构设计与开发；4、参与爬虫核心算法的侧率优化研究等。任职资格:1、计算机相关专业，本科及以上学历，3年以上使用J2EE开发经验；2、Java基础和数据结构扎实，理解IO、多线程、状态机等基础框架，对JVM原理有一定的了解；3、了解Spring、SpringMVC、Mybatis、SOA服务框架等原理和实现机制；4、熟悉SQL，了解Mysql、Oracle或Sqlserver等数据库，对主流NoSql数据库Redis、MongoDB、Hbase等有一定的了解；5、熟悉Zookeeper、Kafka等分布式组件，有Spark、Storam等主流流式计算框架，熟悉其原理者优先；6、强烈的责任心和团队合作能力，性格开朗，善于沟通，自驱学习，逻辑思维能力并且敢于创新和接受挑战。更多职位动态，敬请关注微信公众号“京东金融招聘”,3-5年,北京市大兴区经海路亦庄京东总部A座查看职位地图,北京,爬虫工程师（Java）(041279),,1人 ,0002-01-01 00:00:00,面议?,http://jobs.zhaopin.com/192921312310518.htm,弹性工作,本科
京东金融 ,http://company.zhaopin.com/CC192921312D90250038000.htm,软件研发工程师,全职,岗位职责:1.项目组图像识别任务的开发，数据的训练与模型测试；2.GPU服务器上图像相关项目的部署与性能优化；3.调研最新技术，开拓创新。任职资格:1.研究生及以上学历，具有扎实的数学基础；2.熟悉计算机视觉与深度学习的相关算法的基本原理；3.熟练使用opencv，keras，tensorflow等图像处理与深度学习工具；4.扎实的计算机程序开发基础，至少熟练掌握C++/Python/Java中的一种，熟悉linux环境下开发；5.具有较强的英文阅读能力；6.对计算机视觉，人工智能等方向具有浓厚兴趣，具有良好的团队合作意识，较好的沟通能力。更多职位动态，敬请关注微信公众号“京东金融招聘”。,3-5年,北京市大兴区亦庄京东大厦查看职位地图,北京,爬虫工程师（AI算法）(031287)(职位编号：JD031287),,2人 ,0002-01-01 00:00:00,面议?,http://jobs.zhaopin.com/192921312304025.htm,,本科
湖南华威金安企业管理有限公司北京分公司 ,http://company.zhaopin.com/CC491014085.htm,高级软件工程师,全职,岗位职责：1、根据要求实现静态和动态数据源爬取，构建统一爬取平台，实施监控与异常跟踪处理2、负责数据抓取系统的设计、开发和维护工作；3、设计抓取策略，改进调度算法，减少系统延迟，提升整体吞吐率；4、建立完整的数据获取、解析、入库和监控流程，优化系统瓶颈不断迭代完善；5、负责数据清洗、数据挖掘等相关工作；任职要求：1、要求3年以上工作经验，统招本科学历，计算机相关专业，精通爬虫框架，爬虫策略能够快速落地定向数据源的智能采集，并具备一定的反爬能力。2、基础扎实，熟练掌握golang、Python或Java，3年以上开发经验；3、精通爬虫原理，精通正则表达式和XPath；4、熟悉MySQL、MongoDB、Redis数据库和多线程编程；5、算法功底扎实，实际编程能力强；6、学习能力、责任感强，有较强的沟通能力,3-5年,北京市海淀区西北旺东路10号院东区互联网创新中心3层,北京,爬虫工程师,,2人 ,2018/4/27 9:27,10000-20000元/月?,http://jobs.zhaopin.com/491014085250272.htm,"五险一金,绩效奖金,全勤奖,带薪年假,节日福利",本科
北京翡翠教育科技有限公司昌平分公司,http://special.zhaopin.com/pagepublish/39326338/index.html,IT技术/研发经理/主管,全职,岗位职责：1、负责基于python的网络爬虫的研究工作；2、负责基于python的网络爬虫教学工作；3、制作课程案例，编写教学文档；任职要求：1、熟悉python开发，了解网络爬虫基本知识；2、熟悉http/html/xpath等；3、熟悉scrapy或pyspider，有爬虫经验，熟悉爬虫调度策略；4、有服务器编程经验，熟悉elasticsearch，lucene，hive，redis之中两个，熟悉更多者优先；5、对新技术知识具有浓厚的学习和研究兴趣，动手能力强，有阅读开源项目源码习惯尤佳；6、具有一定的独立解决问题的能力，良好的沟通与团队协作精神；7、本科以上学历，工作经验0-3年；联系人：韩联系方式：010-56105489工作地址北京昌平区回龙观镇田园风光雅园2期3层地铁8号线平西府D3出口即到,不限,北京昌平区回龙观镇田园风光雅园2期3层地铁8号线平西府D3出口即到查看职位地图,北京,Paython爬虫工程师,,1人 ,2018/4/23 18:02,8000-15000元/月?,http://jobs.zhaopin.com/393263380250202.htm,"五险一金,绩效奖金,加班补助,交通补助,餐补,房补,弹性工作,员工旅游",大专
极课大数据 ,http://company.zhaopin.com/CC436855238.htm,数据库开发工程师,全职,"岗位职责：负责爬虫平台的研发及维护；任职要求：1、有二年以上Python开发经验；2、精通Python，掌握爬虫技术，熟悉Python主流类库使用；3、熟悉Scrapy、pyspider、Selenium、PhantomJS等框架（深入了解其中一种）；4、熟悉基于正则表达式、XPath、CssSelector等网页信息解析技术；5、熟悉MySQL,Redis，MongoDB等数据库（深入了解其中一种）；6、熟悉Http协议，了解TCP/IP协议，熟悉Linux系统；7、熟悉应用IP池、Headers认证和Cookie等；8、有分布式爬虫、反爬机制经验者优先；",1-3年,北京市朝阳区远洋新干线A座602,北京,python爬虫工程师,,1人 ,2018/4/26 9:45,10001-15000元/月?,http://jobs.zhaopin.com/436855238250139.htm,"节日福利,五险一金,年底双薪,绩效奖金,带薪年假,弹性工作",本科
极课大数据 ,http://company.zhaopin.com/CC436855238.htm,软件工程师,全职,"职位描述：负责爬虫平台的研发及维护；Java爬虫招聘要求：1、有二年以上Java开发经验，精通java语言，掌握爬虫技术，扎实的编程功底；2、熟悉WebMagic、HttpClient、Selenium、PhantomJS等框架（深入了解其中一种）；3、熟悉基于正则表达式、XPath、Jsoup、CssSelector等网页信息解析技术；4、熟悉MySQL,Redis，MongoDB等数据库（深入了解其中一种）；5、熟悉Http协议，了解TCP/IP协议，熟悉Linux系统；6、熟悉应用IP池、Headers认证和Cookie等；7、有分布式爬虫、反爬机制经验者优先；",3-5年,北京市朝阳区远洋新干线A座602,北京,java爬虫工程师,,1人 ,2018/4/26 9:45,10001-15000元/月?,http://jobs.zhaopin.com/436855238250140.htm,"节日福利,五险一金,年底双薪,绩效奖金,带薪年假,弹性工作",本科
北京抱财金融信息服务有限公司 ,http://company.zhaopin.com/CC244825788.htm,数据库开发工程师,全职,"岗位职责：1.分布式爬虫系统和数据采集的设计、开发。2.爬虫策略和防屏蔽规则，提升网页抓取的效率和质量。3.各类互联网数据的采集抓取。4.理解系统数据处理流程以及业务功能需求。岗位要求：1.1年+以上实际的爬虫项目经验；2.熟悉java,掌握python,熟悉常用爬虫框架中的一种或多种，如Scrapy框架或其他的Webscrapingframework；3.熟悉HTML/JavaScript/CSS/xpath/url/Ajax/xml等web技知识,熟悉HttpClient、jsoup、WebDriver、phantomjs等工具;4.熟悉linux系统，熟悉mysql、redis，nosql等,熟悉Internet基本协议（如TCP/IP.HTTP等）5.能够解决封账号、封IP采集等问题,解决网页抓取、信息抽取等问题,构建完善的网络信息收集平台;6.负责网络爬虫采集规则的编写；",不限,北京市海淀区海淀大街银科大厦查看职位地图,北京,爬虫工程师,,1人 ,2018/4/27 10:53,20001-30000元/月?,http://jobs.zhaopin.com/244825788250016.htm,"节日福利,五险一金,交通补助,餐补,通讯补贴,带薪年假,弹性工作,补充医疗保险",本科
北京翡翠教育科技有限公司昌平分公司,http://special.zhaopin.com/pagepublish/39326338/index.html,IT技术/研发经理/主管,全职,岗位职责：1、负责基于python的网络爬虫的研究工作；2、负责基于python的网络爬虫教学工作；3、制作课程案例，编写教学文档；任职要求：1、熟悉python开发，了解网络爬虫基本知识；2、熟悉http/html/xpath等；3、熟悉scrapy或pyspider，有爬虫经验，熟悉爬虫调度策略；4、有服务器编程经验，熟悉elasticsearch，lucene，hive，redis之中两个，熟悉更多者优先；5、对新技术知识具有浓厚的学习和研究兴趣，动手能力强，有阅读开源项目源码习惯尤佳；6、具有一定的独立解决问题的能力，良好的沟通与团队协作精神；7、本科以上学历，工作经验0-3年；联系人：韩联系方式：010-56105489工作地址北京昌平区回龙观镇田园风光雅园2期3层地铁8号线平西府D3出口即到,不限,北京昌平区回龙观镇田园风光雅园2期3层地铁8号线平西府D3出口即到查看职位地图,北京,Paython爬虫工程师,,1人 ,2018/4/23 18:00,8000-15000元/月?,http://jobs.zhaopin.com/393263380250203.htm,"五险一金,绩效奖金,加班补助,交通补助,餐补,房补,弹性工作,员工旅游",大专
中望金服信息科技(北京)有限公司 ,http://company.zhaopin.com/CC377822883.htm,算法工程师,全职,"岗位职责：1.负责数据采集，参与爬虫架构的设计与研究2.编写新的数据抓取程序，提高网页抓取的效率和质量等问题3.参与爬虫核心算法和策略优化,熟悉采集系统的调度策略4.负责网页信息抽取优化任职资格：a.计算机相关专业,精通数据结构和数据算法b.熟悉网页抓取原理及技术，熟悉基于Cookie的网站登录原理，c.熟悉基于正则表达式、XPath、CSS等网页信息抽取技术d.2年以上大规模网页爬虫开发经验,熟悉JS,ajax,网页消重5.熟悉熟练使用Struts、Spring、Hibernate、Ajax或者python分布式爬取相关开源框架进行项目开发6.熟悉分布式系统的设计和应用7.熟悉HttpClient等爬虫组件者及有模拟登录网站抓取经验者优先8.有1-2年以上Java和MySQL工作经验，熟练掌握Java和HTML9.有良好的沟通和学习能力、有较强的团队协作能力以及快速解决",3-5年,北京市朝阳区四惠东通惠大厦A区5层,北京,爬虫工程师,,1人 ,2018/4/27 8:08,15001-20000元/月?,http://jobs.zhaopin.com/377822883250157.htm,"五险一金,绩效奖金,交通补助,餐补,通讯补贴,带薪年假,弹性工作,定期体检",本科
云鸽在线(北京)信息技术有限公司 ,http://company.zhaopin.com/CC583962122.htm,高级软件工程师,全职,要求：1计算机、通信及相关专业本科以上学历2熟练掌握linux环境下的c/c++/python/Shell等1至2中语言3对算法和数据结构有深刻的理解和掌握，扎实的机器学习、数据挖掘理论和技术基础4具备很强的分析和结局问题的能力，对于公关疑难问题具有强烈的兴趣5有搜索或推荐相关系统研究或开发经验，有2年以上的相关工程经验尤佳6注重团队协作，有良好的沟通能力7有移动端和微信抓取经验优先考虑职责：1负责网络和移动端爬虫的开发和维护2负责数据检索系统的开发和维护3用脚本和程序对大规模数据进行处理和分析4微信文章抓取5app文章抓取,不限,北京,北京,高级python爬虫工程师,,1人 ,2018/4/27 9:53,10000-20000元/月?,http://jobs.zhaopin.com/583962122250162.htm,,本科
号外网 ,http://company.zhaopin.com/CZ392786180.htm,脚本开发工程师,全职,位职责：1、对指定网站进行数据抓取，清洗以及汇总的开发工作。2、互联网网站，网页，链接的特征挖掘。3、负责系统日常运营资源调度优化及运营指标分析调优，并能实时监控爬虫的进度和警报反馈。4、负责特殊网页采集任务的分析及采集方案设计。任职要求：1.数学，统计，计算机相关专业本科以上学历2.熟悉Python以及数据分析相关工具，了解Shell3.熟悉SQL语言，追求SQL性能，熟悉MySQL、MongoDB等4.熟悉Hadoop、数据仓库、Spark等大数据技术者优先加分项：1）有数据库调优和海量数据存储经验优先。2）有Solr、ElasticSearch开发经验者优先。工作地址北京市中关村东路66号世纪科贸大厦B座1109,3-5年,北京市中关村东路66号世纪科贸大厦C座1101查看职位地图,北京,python爬虫工程师,,3人 ,2018/4/27 10:13,8000-15000元/月?,http://jobs.zhaopin.com/392786182250032.htm,"五险一金,年底双薪,全勤奖,交通补助,带薪年假,定期体检,员工旅游,节日福利",大专
